duration,enum,ignore,ignore_2,person_id,wereda,treatmentcontrol,age,ketena,relationship,education,partner_education,norms_1_treatment,norms_2_treatment,femaletrait_treatment,femaletrait_treatment_recode_1,femaletrait_treatment_recode_2,femaletrait_treatment_recode_3,femaletrait_treatment_recode_mean,ideal_employee_treatment,ideal_employee_treatment_1,ideal_employee_treatment_2,ideal_employee_treatment_3,ideal_employee_treatment_4,ideal_employee_treatment_5,ideal_employee_treatment_6,ideal_employee_treatment_98,employed_treatment,job_treatment,previous_job_treatment,previous_job_treatment_id,job_id_treatment_total,partner_employed_treatment,partner_job_treatment,partner_job_treatment_id,coworker_classmate_treatment,previous_coworker_classmate_treatment,coworker_classmate_treatment_total,supervisor_treatment,previous_supervisor_treatment,supervisor_treatment_total,values_1,values_2,values_3,values_4,attitudes_grt_1,attitudes_grt_4,attitudes_grt_3,gender_att_exp_1,attitudes_grt_2,gender_att_exp_2,attitudes_force_1,attitudes_force_2,attitudes_force_3,attitudes_force_4,ideal_employee,ideal_employee_1,ideal_employee_2,ideal_employee_3,ideal_employee_4,ideal_employee_5,ideal_employee_6,ideal_employee_98,norms_1,norms_2,femaletrait,femaletrait_recode_1,femaletrait_recode_2,femaletrait_recode_3,femaletrait_recode_3_mean,employed,job,job_id,previous_job,previous_job_id,job_id_total,partner_employed,partner_job,partner_job_id,coworker_classmate,previous_coworker_classmate,coworker_classmate_total,supervisor,previous_supervisor,supervisor_total,norms_1_com,norms_2_com,femaletrait_recode_com,ideal_employee_com,employed_com,job_id_com,partner_employed_com,partner_job_id_com,supervisor_com,coworker_classmate_com,military,living_situation,chores,ses,ses_1,ses_2,ses_3,ses_4,ses_5,ses_6,ses_98
2171,1,0,0,11810504,1,0.451174467,38,9,1,2,97,0,0,Respect others,0,,,0,1 4 6,1,0,0,1,0,1,0,0,,Construction,6,6,0,,,,2,2,,0,0,1,2,2,2,0,-1,-1,,0,,4,4,4,4,,,,,,,,,,,,,,,,,,,,,,,,,,,,,,,0,0,0,1 4 6,0,6,0,,0,2,1,,3,1 6,1,0,0,0,0,1,0
1894,1,0,0,11810921,1,0.262707576,37,2,1,3,3,-1,-1,Roll model /Perform exemplary,0,1,,0.5,2 4 5,0,1,0,1,1,0,0,1,sanitary,,,14.11,0,,,2,,2,2,,2,4,4,3,3,-1,0,-1,,1,,4,3,3,4,,,,,,,,,,,,,,,,,,,,,,,,,,,,,,,-1,-1,0.5,2 4 5,1,14.11,0,,2,2,1,,1,3,0,0,1,0,0,0,0
1299,1,0,0,11811047,1,0.94722169,40,2,1,3,2,,,,,,,,,,,,,,,,,,,,,,,,,,,,,,3,3,3,3,98,0,-1,,98,,4,4,4,4,2 3 4,0,1,1,1,0,0,0,-1,1,,,,,,0,,,Street vender,7.11,7.11,0,,,,2,2,,2,2,-1,1,,2 3 4,0,7.11,0,,2,2,0,,3,1,1,0,0,0,0,0,0
1826,3,0,1,12310306,1,0.203055023,68,8,1,3,5,1,-1,Complete task well and they are personable,1,0,,0.5,1 2 6,1,1,0,0,0,1,0,0,,Mechanic and Driver,8,8,1,School administrator,16,,2,2,,0,0,4,4,2,4,98,0,0,,1,,4,4,4,4,,,,,,,,,,,,,,,,,,,,,,,,,,,,,,,1,-1,0.5,1 2 6,0,8,1,16,0,2,1,,3,1 2 3 5 6,1,1,1,0,1,1,0
1635,3,0,1,12310106,1,0.201216288,25,2,0,2,,0,0,,,,,,1 3,1,0,1,0,0,0,0,1,Water supply,,,5,,,,3,,3,2,,2,2,4,4,4,0,0,0,,0,,4,4,2,4,,,,,,,,,,,,,,,,,,,,,,,,,,,,,,,0,0,,,1,5,,,2,3,98,2,3,3,0,0,1,0,0,0,0
1923,3,0,1,12310358,1,0.03500481,40,3,1,3,2,0,0,"Quality work, Hard working and Obedience",1,1,0,0.666666667,2 3,0,1,1,0,0,0,0,0,,Day labor,97,97,1,Retail trade,7,,3,3,,2,2,4,98,4,4,98,0,-1,,0,,4,4,4,4,,,,,,,,,,,,,,,,,,,,,,,,,,,,,,,0,0,0.666666667,,0,97,1,7,2,3,1,,0,1 6,1,0,0,0,0,1,0
1747,3,0,1,12310158,1,0.124708683,,97,0,4,,0,0,,,,,,2 4,0,1,0,1,0,0,0,1,Construction (GLASS),,,6,,,,2,,2,0,,0,4,2,2,1,0,0,0,,0,,4,4,4,4,,,,,,,,,,,,,,,,,,,,,,,,,,,,,,,0,0,,,1,6,,,0,2,0,3,2,2 3 6,0,1,1,0,0,1,0
2405,3,0,1,12210473,1,0.573361634,28,8,0,3,,,,,,,,,,,,,,,,,,,,,,,,,,,,,,,4,4,4,4,0,0,0,,1,,4,4,4,4,1 4,1,0,0,1,0,0,0,-1,-1,Good service giving,0,,,0,0,,,Day labor,97,97,,,,,2,2,,0,0,-1,-1,0,,0,97,,,0,2,1,3,3,1 3,1,0,1,0,0,0,0
1523,3,0,1,12210470,1,0.708372291,31,8,1,2,97,,,,,,,,,,,,,,,,,,,,,,,,,,,,,,1,1,2,4,0,-1,-1,,1,,2,2,2,4,98,0,0,0,0,0,0,1,98,-1,,,,,,1,Construction,6,,,6,0,,,2,,2,0,,0,98,-1,,98,1,6,0,,0,2,0,,1,1 3,1,0,1,0,0,0,0
2209,1,0,0,11810629,1,0.648241437,27,3,1,3,2,,,,,,,,,,,,,,,,,,,,,,,,,,,,,,1,3,98,1,0,1,0,,1,,4,3,4,4,1 4 6,1,0,0,1,0,1,0,-1,0,Obedient and Punctual,0,0,,0,1,Broker,19.1,,,19.1,1,Domestic Worker,20,3,,3,0,,0,-1,0,0,1 4 6,1,19.1,1,20,0,3,1,,3,1 3 6,1,0,1,0,0,1,0
2452,1,0,0,11810488,1,0.40044625,35,9,1,97,3,-1,0,Humility and Problem solver,0,1,,0.5,3 4 6,0,0,1,1,0,1,0,1,Old repair shop,,,7.1,0,,,3,,3,2,,2,3,3,3,3,-1,1,0,,1,,4,4,4,4,,,,,,,,,,,,,,,,,,,,,,,,,,,,,,,-1,0,0.5,3 4 6,1,7.1,0,,2,3,0,,3,1 3,1,0,1,0,0,0,0
1398,1,0,0,11810119,1,0.208981809,31,3,0,3,,0,0,Consider situation and humble,1,0,,0.5,2 4 6,0,1,0,1,0,1,0,0,,Construction,6,6,,,,,2,2,,,,4,3,4,3,0,0,-1,,1,,4,4,4,4,,,,,,,,,,,,,,,,,,,,,,,,,,,,,,,0,0,0.5,2 4 6,0,6,,,,2,1,1,,1,1,0,0,0,0,0,0
1683,1,0,0,11811298,1,0.999309643,41,3,1,2,97,,,,,,,,,,,,,,,,,,,,,,,,,,,,,,1,1,3,4,-1,1,0,,1,,3,2,4,4,2 4 6,0,1,0,1,0,1,0,1,0,empathetic,0,,,0,1,Driver,8,,,8,0,,,1,,1,1,,1,1,0,0,2 4 6,1,8,0,,1,1,0,,0,2 3,0,1,1,0,0,0,0
1136,1,0,0,11810455,1,0.695289686,44,97,1,97,6,,,,,,,,,,,,,,,,,,,,,,,,,,,,,,4,4,3,4,-1,1,0,,1,,3,4,3,4,1 3 4,1,0,1,1,0,0,0,-1,-1,choose their words wisely,0,,,0,1,Broker,19.1,,,19.1,1,Trade /Merchant,7,3,,3,1,,1,-1,-1,0,1 3 4,1,19.1,1,7,1,3,1,,0,2 3,0,1,1,0,0,0,0
1138,1,0,0,11810396,1,0.992934152,40,8,1,3,3,,,,,,,,,,,,,,,,,,,,,,,,,,,,,,3,4,4,4,-1,0,-1,,1,,4,4,4,4,2 3 4,0,1,1,1,0,0,0,-1,-1,,,,,,1,Mechanic/garage,7.1,,,7.1,0,,,1,,1,2,,2,-1,-1,,2 3 4,1,7.1,0,,2,1,1,,1,2 3 4 6,0,1,1,1,0,1,0
1009,1,0,0,11811529,1,0.27809628,38,9,0,3,,-1,-1,Belief in equality,0,,,0,3 4 5,0,0,1,1,1,0,0,1,Construction,,,6,,,,2,,2,0,,0,1,1,3,3,-1,0,0,,1,,4,3,4,4,,,,,,,,,,,,,,,,,,,,,,,,,,,,,,,-1,-1,0,3 4 5,1,6,,,0,2,1,1,,3,0,0,1,0,0,0,0
933,1,0,0,11910072,1,0.887759107,47,97,1,5,6,,,,,,,,,,,,,,,,,,,,,,,,,,,,,,4,1,4,3,0,0,0,,0,,4,4,4,4,1 2 6,1,1,0,0,0,1,0,-1,-1,"Honesty, hard worker and punctual",0,1,0,0.333333333,1,Garage /mechanic,7.1,,,7.1,1,Teacher,16,1,,1,2,,2,-1,-1,0.333333333,1 2 6,1,7.1,1,16,2,1,1,,0,2 3 4 5 6,0,1,1,1,1,1,0
1371,1,0,0,11910144,1,0.427621825,32,3,1,3,2,0,-1,provide quality service,0,,,0,1 2 6,1,1,0,0,0,1,0,1,Airport(baggage help),,,8,1,Manufacturing (cotton),3,3,,3,0,,0,3,3,3,4,-1,1,0,,1,,4,4,4,4,,,,,,,,,,,,,,,,,,,,,,,,,,,,,,,0,-1,0,1 2 6,1,8,1,3,0,3,1,,3,3,0,0,1,0,0,0,0
1963,1,0,0,11910188,1,0.084398258,42,1,1,4,3,1,1,"Humble ,Care full/disciplined and mother",0,1,,0.5,2 3 4,0,1,1,1,0,0,0,1,Soldier,,,15.1,0,,,2,,2,0,,0,1,3,1,4,-1,1,-1,,1,,4,4,4,4,,,,,,,,,,,,,,,,,,,,,,,,,,,,,,,1,1,0.5,2 3 4,1,15.1,0,,0,2,1,,3,3,0,0,1,0,0,0,0
1675,3,0,1,12210654,1,0.972510181,40,9,1,3,2,,,,,,,,,,,,,,,,,,,,,,,,,,,,,,4,2,4,4,-1,1,-1,,1,,4,2,4,4,1 5 6,1,0,0,0,1,1,0,-1,-1,,,,,,1,Trade,7,,,7,1,Retail trade,7,4,,4,2,,2,-1,-1,,1 5 6,1,7,1,7,2,4,1,,1,2 3,0,1,1,0,0,0,0
1217,3,0,1,12210032,1,0.925887736,30,3,1,3,2,,,,,,,,,,,,,,,,,,,,,,,,,,,,,,3,2,3,3,-1,1,-1,,1,,2,4,4,4,1 2 6,1,1,0,0,0,1,0,-1,-1,"High humility, Complete task properly",0,1,,0.5,1,Day Laborer,97,,,97,0,,,2,,2,0,,0,-1,-1,0.5,1 2 6,1,97,0,,0,2,1,,1,3,0,0,1,0,0,0,0
1153,3,0,1,12210621,1,0.788589251,47,1,1,2,3,,,,,,,,,,,,,,,,,,,,,,,,,,,,,,4,4,4,4,0,1,-1,,1,,4,4,4,4,1 2 3,1,1,1,0,0,0,0,0,-1,"Disciplined, Punctual & Respectful towards their Leaders",1,0,0,0.333333333,1,Guard,14.1,,,14.1,0,,,2,,2,0,,0,0,-1,0.333333333,1 2 3,1,14.1,0,,0,2,0,,3,3 6,0,0,1,0,0,1,0
1335,3,0,1,12210579,1,0.182758065,28,9,1,3,3,0,-1,They are tolerant & Complete task properly,0,1,,0.5,1 4 6,1,0,0,1,0,1,0,1,Cafe & Retail trade,,,9,1,Cafe & Retail trade,9,3,,3,1,,1,1,2,4,2,1,1,-1,,1,,2,2,4,4,,,,,,,,,,,,,,,,,,,,,,,,,,,,,,,0,-1,0.5,1 4 6,1,9,1,9,1,3,1,,3,1 2,1,1,0,0,0,0,0
1206,3,0,1,12210197,1,0.664278315,25,1,1,97,97,,,,,,,,,,,,,,,,,,,,,,,,,,,,,,4,4,98,1,-1,1,-1,,1,,4,4,1,4,1,1,0,0,0,0,0,0,,,,,,,,,,,,,,,,,,,,,,,,,,,,,,,,,,,,,0,0,0,0,0,0,0
1351,1,0,0,11910704,1,0.245617973,42,2,1,3,3,0,0,Respect customer,1,,,1,2 3 4,0,1,1,1,0,0,0,1,Soldier,,,15.1,0,,,2,,2,0,,0,4,3,4,4,-1,0,-1,,1,,4,4,4,4,,,,,,,,,,,,,,,,,,,,,,,,,,,,,,,0,0,1,2 3 4,1,15.1,0,,0,2,1,,3,1 2 3 6,1,1,1,0,0,1,0
1483,3,0,1,12210123,1,0.705863866,42,9,1,3,3,,,,,,,,,,,,,,,,,,,,,,,,,,,,,,4,4,4,4,-1,0,-1,,1,,4,4,4,4,1 4 6,1,0,0,1,0,1,0,98,0,,,,,,0,,,Retail trade,7,7,1,School cafeteria,16,,3,3,,3,3,98,0,,1 4 6,0,7,1,16,3,3,1,,3,1 2 3,1,1,1,0,0,0,0
3304,1,0,0,11911349,1,0.570726982,58,3,1,4,97,,,,,,,,,,,,,,,,,,,,,,,,,,,,,,2,1,1,4,-1,0,0,,0,,4,4,4,4,1 2 5,1,1,0,0,1,0,0,-1,1,"Well mannered,Hard worker and good planner",0,1,1,0.666666667,1,Guard,14.1,,,14.1,0,,,2,,2,0,,0,-1,1,0.666666667,1 2 5,1,14.1,0,,0,2,1,,1,1 3,1,0,1,0,0,0,0
1364,1,0,0,11510221,1,0.624515298,27,1,0,3,,,,,,,,,,,,,,,,,,,,,,,,,,,,,,,3,2,3,2,-1,1,-1,,1,,4,4,4,4,1 2,1,1,0,0,0,0,0,-1,-1,"Disciplined, takes the appropriate time, performs exemplary work",1,1,1,1,1,Manufacturing/cement,3,,,3,,,,2,,2,0,,0,-1,-1,1,,1,3,,,0,2,1,2,1,3 6,0,0,1,0,0,1,0
1392,2,1,0,11510591,1,0.567924316,66,9,1,3,3,,,,,,,,,,,,,,,,,,,,,,,,,,,,,,2,2,2,2,98,1,-1,,1,,3,4,4,4,3 4,0,0,1,1,0,0,0,98,98,"Trustworthy, personable, completes quality work",0,0,1,0.333333333,1,Driver,8,,,8,0,,,1,,1,2,,2,98,98,0.333333333,,1,8,0,,2,1,0,,0,1 2 3,1,1,1,0,0,0,0
1789,2,1,0,11510114,1,0.465983053,48,4,1,2,97,0,0,98,,,,,1 4,1,0,0,1,0,0,0,1,Construction,,,6,0,,,2,,2,2,,2,4,98,98,2,0,1,-1,,1,,4,4,4,4,,,,,,,,,,,,,,,,,,,,,,,,,,,,,,,0,0,,,1,6,0,,2,2,0,,0,2 3 6,0,1,1,0,0,1,0
1010,2,1,0,11510054,1,0.291355108,27,97,0,5,,0,0,"Humility, patience, cooperation/tolerance",0,0,0,0,2 4 6,0,1,0,1,0,1,0,1,Hair salon,,,19,,,,3,,3,2,,2,4,4,2,4,0,0,0,,0,,4,4,4,4,,,,,,,,,,,,,,,,,,,,,,,,,,,,,,,0,0,0,2 4 6,1,19,,,2,3,1,1,,1 3 5 6,1,0,1,0,1,1,0
1817,2,1,0,11410291,1,0.129816785,30,97,0,6,,-1,1,"Serve others well, respect, humility",0,0,0,0,1 2 6,1,1,0,0,0,1,0,1,Sailor,,,8,,,,1,,1,0,,0,2,2,3,4,1,1,-1,,0,,4,4,4,4,,,,,,,,,,,,,,,,,,,,,,,,,,,,,,,-1,1,0,1 2 6,1,8,,,0,1,0,2,2,2 3 6,0,1,1,0,0,1,0
1103,2,1,0,11510027,1,0.338503046,30,1,2,6,3,-1,-1,"Performs tasks efficiently, punctuality, trustworthy",1,0,0,0.333333333,1 2 5,1,1,0,0,1,0,0,0,,Broker,19.1,19.1,1,Casher,14,,2,2,,2,2,4,2,4,2,1,0,-1,,1,,4,4,4,4,,,,,,,,,,,,,,,,,,,,,,,,,,,,,,,-1,-1,0.333333333,1 2 5,0,19.1,1,14,2,2,0,1,,1 2 3 5 6,1,1,1,0,1,1,0
1762,1,0,0,11911319,1,0.619495272,30,97,0,3,,,,,,,,,,,,,,,,,,,,,,,,,,,,,,,2,4,3,2,0,0,0,,0,,4,4,4,4,4 5 6,0,0,0,1,1,1,0,-1,1,Humble and Compassionate,0,0,,0,1,Federal Police,15.1,,,15.1,,,,2,,2,0,,0,-1,1,0,4 5 6,1,15.1,,,0,2,1,3,3,1 2 6,1,1,0,0,0,1,0
1620,2,1,0,11410161,1,0.355301337,40,2,1,3,2,98,98,Punctuality,0,,,0,1 4 6,1,0,0,1,0,1,0,1,Construction,,,6,0,,,2,,2,0,,0,4,98,98,4,0,1,-1,,1,,4,4,3,4,,,,,,,,,,,,,,,,,,,,,,,,,,,,,,,98,98,0,1 4 6,1,6,0,,0,2,1,,1,1 2 3,1,1,1,0,0,0,0
1417,2,1,0,11510088,1,0.834174027,46,3,1,4,4,,,,,,,,,,,,,,,,,,,,,,,,,,,,,,4,2,4,4,-1,1,-1,,1,,4,4,4,4,1 3,1,0,1,0,0,0,0,1,1,"Hard working, takes personal ownership of work, disciplined",1,1,,1,1,Trade,7,,,7,0,,,3,,3,0,,0,1,1,1,,1,7,0,,0,3,1,,1,2 3,0,1,1,0,0,0,0
1432,2,1,0,11410490,1,0.584274634,38,9,1,2,2,,,,,,,,,,,,,,,,,,,,,,,,,,,,,,4,4,4,4,0,0,-1,,0,,4,4,4,4,2 5 6,0,1,0,0,1,1,0,-1,0,"Trustworthy, punctuality, Obedient",0,0,0,0,1,Trade,7,,,7,1,Trade,7,3,,3,2,,2,-1,0,0,2 5 6,1,7,1,7,2,3,0,,0,2 3 6,0,1,1,0,0,1,0
2278,1,0,0,11911445,1,0.209602418,35,9,1,3,3,-1,1,Problem solver,1,,,1,1 2 5,1,1,0,0,1,0,0,1,Pastry chef,,,9,0,,,4,,4,2,,2,4,2,4,4,-1,1,-1,,1,,2,2,4,4,,,,,,,,,,,,,,,,,,,,,,,,,,,,,,,-1,1,1,1 2 5,1,9,0,,2,4,0,,1,1 2 3,1,1,1,0,0,0,0
3208,1,0,0,11910792,1,0.262479905,45,3,1,4,2,-1,0,Respect for her Job.,1,,,1,1 3 4,1,0,1,1,0,0,0,1,Chef,,,9,0,,,3,,3,3,,3,1,1,1,2,-1,0,-1,,1,,4,4,4,4,,,,,,,,,,,,,,,,,,,,,,,,,,,,,,,-1,0,1,1 3 4,1,9,0,,3,3,1,,3,1 3 6,1,0,1,0,0,1,0
1432,2,1,0,11510238,1,0.93281712,40,8,1,4,5,,,,,,,,,,,,,,,,,,,,,,,,,,,,,,3,4,4,4,-1,1,-1,,1,,4,4,4,4,1 2 6,1,1,0,0,0,1,0,0,-1,Completes tasks appropriately,1,,,1,1,Entrepreneur,7,,,7,0,,,3,,3,2,,2,0,-1,1,1 2 6,1,7,0,,2,3,0,,3,1 2 3 4 5 6,1,1,1,1,1,1,0
1728,2,1,0,11510249,1,0.373342764,38,1,1,3,97,0,-1,"Personable, collaborative, respectful",0,0,0,0,2 3 5,0,1,1,0,1,0,0,1,Construction,,,6,0,,,3,,3,0,,0,98,98,98,98,0,0,0,,0,,4,4,98,98,,,,,,,,,,,,,,,,,,,,,,,,,,,,,,,0,-1,0,2 3 5,1,6,0,,0,3,0,,3,,0,0,0,0,0,0,0
1567,2,1,0,11510007,1,0.397269548,36,1,1,5,3,-1,-1,98,,,,,2 4 6,0,1,0,1,0,1,0,0,,"Construction, defense, trade (clothes)",6,6,1,Trade,7,,2,2,,0,0,1,1,4,2,-1,0,-1,,1,,4,4,4,4,,,,,,,,,,,,,,,,,,,,,,,,,,,,,,,-1,-1,,2 4 6,0,6,1,7,0,2,1,,3,1 2 3 5 6,1,1,1,0,1,1,0
1566,2,1,0,11510736,1,0.307947126,40,4,1,5,2,-1,-1,"Highly focused, good leaders, credible",1,,0,0.5,1 2 4,1,1,0,1,0,0,0,1,Manufacturing,,,3,1,School administration,16,2,,2,0,,0,2,2,3,2,0,0,0,,0,,4,4,4,4,,,,,,,,,,,,,,,,,,,,,,,,,,,,,,,-1,-1,0.5,1 2 4,1,3,1,16,0,2,0,,3,3 6,0,0,1,0,0,1,0
1412,2,1,0,11310068,1,0.399485209,48,3,1,97,97,98,98,Serves others well,0,,,0,2 5 6,0,1,0,0,1,1,0,1,Retail trade,,,4,0,,,4,,4,0,,0,4,2,98,4,0,0,-1,,1,,4,4,4,4,,,,,,,,,,,,,,,,,,,,,,,,,,,,,,,98,98,0,2 5 6,1,4,0,,0,4,1,,0,2 3,0,1,1,0,0,0,0
1390,1,0,0,11910484,1,0.876856163,42,1,1,3,2,,,,,,,,,,,,,,,,,,,,,,,,,,,,,,1,2,1,4,-1,1,-1,,1,,4,4,4,4,1 2 3,1,1,1,0,0,0,0,-1,-1,Work ethically and careful,,1,,1,1,Construction,6,,,6,0,,,2,,2,2,,2,-1,-1,1,1 2 3,1,6,0,,2,2,1,,1,1 2 3 6,1,1,1,0,0,1,0
2270,1,0,0,11910798,1,0.952076557,27,7,1,5,5,,,,,,,,,,,,,,,,,,,,,,,,,,,,,,1,2,3,4,-1,1,-1,,1,,4,3,4,4,2 4 6,0,1,0,1,0,1,0,-1,-1,Compassionate and Trust worthy,0,0,,0,1,Construction,6,,,6,1,factory labor,3,1,,1,1,,1,-1,-1,0,2 4 6,1,6,1,3,1,1,1,,3,3,0,0,1,0,0,0,0
1428,3,0,1,12310263,1,0.312196688,38,7,0,5,,-1,-1,Punctual/uses time wisely,0,,,0,1 2 6,1,1,0,0,0,1,0,1,Government administration,,,15,,,,1,,1,0,,0,98,1,2,4,0,1,0,,1,,4,4,4,4,,,,,,,,,,,,,,,,,,,,,,,,,,,,,,,-1,-1,0,1 2 6,1,15,,,0,1,0,1,,1 3 5 6,1,0,1,0,1,1,0
1345,3,0,1,12310285,1,0.109808566,50,1,1,4,4,-1,-1,Serves others well,0,,,0,3 5 6,0,0,1,0,1,1,0,1,Repair work,,,7.1,0,,,1,,1,2,,2,98,1,1,4,0,0,0,,0,,4,2,4,4,,,,,,,,,,,,,,,,,,,,,,,,,,,,,,,-1,-1,0,3 5 6,1,7.1,0,,2,1,0,,3,3,0,0,1,0,0,0,0
1067,3,0,1,12310024,1,0.647068881,31,97,0,4,,,,,,,,,,,,,,,,,,,,,,,,,,,,,,,4,4,2,4,0,0,0,,1,,4,2,3,3,2 4 5,0,1,0,1,1,0,0,-1,-1,"Humility, obedience",0,0,,0,1,Construction,6,,,6,,,,2,,2,0,,0,-1,-1,0,2 4 5,1,6,,,0,2,0,1,,3 6,0,0,1,0,0,1,0
1850,1,0,0,11910052,1,0.665979054,55,1,1,4,4,,,,,,,,,,,,,,,,,,,,,,,,,,,,,,4,4,2,4,-1,1,-1,,1,,3,2,4,4,3 4 6,0,0,1,1,0,1,0,-1,-1,Respect  for Customer,0,,,0,0,,,Retailer,7,7,0,,,,4,4,,3,3,-1,-1,0,3 4 6,0,7,0,,3,4,0,,0,1 2 3,1,1,1,0,0,0,0
1305,1,0,0,11911132,1,0.79341785,34,8,1,3,2,,,,,,,,,,,,,,,,,,,,,,,,,,,,,,3,4,2,4,-1,-1,0,,1,,4,4,4,4,3 4 6,0,0,1,1,0,1,0,1,1,Punctual and decisive,0,1,,0.5,1,Painter,18,,,18,0,,,2,,2,0,,0,1,1,0.5,3 4 6,1,18,0,,0,2,0,,0,3,0,0,1,0,0,0,0
1515,2,1,0,11510413,1,0.121780798,60,4,1,3,3,0,-1,"Personable, patient, trustworthy",0,0,0,0,2 4 6,0,1,0,1,0,1,0,0,,Construction,6,6,0,,,,3,3,,0,0,2,1,2,2,-1,1,-1,,1,,3,2,4,4,,,,,,,,,,,,,,,,,,,,,,,,,,,,,,,0,-1,0,2 4 6,0,6,0,,0,3,1,,1,1 2 3,1,1,1,0,0,0,0
5132,2,1,0,11610362,1,0.291455093,40,7,1,6,5,-1,-1,"Empathetic, personable, solution maker",0,0,1,0.333333333,4 5 6,0,0,0,1,1,1,0,1,Health,,,17,0,,,4,,4,2,,2,2,2,2,4,-1,1,-1,,1,,4,4,4,4,,,,,,,,,,,,,,,,,,,,,,,,,,,,,,,-1,-1,0.333333333,4 5 6,1,17,0,,2,4,0,,2,2 3 5,0,1,1,0,1,0,0
2388,2,1,0,11610311,1,0.311564003,30,97,1,6,3,98,98,"Personable, not emotional",0,1,,0.5,2 4 6,0,1,0,1,0,1,0,1,Construction,,,6,1,Daycare,16,3,,3,0,,0,4,4,2,4,0,1,-1,,1,,2,2,98,98,,,,,,,,,,,,,,,,,,,,,,,,,,,,,,,98,98,0.5,2 4 6,1,6,1,16,0,3,0,,1,1,1,0,0,0,0,0,0
1523,2,1,0,11510105,1,0.486035262,35,4,1,3,2,-1,-1,98,,,,,1 2 6,1,1,0,0,0,1,0,1,Construction,,,6,0,,,2,,2,0,,0,4,4,2,4,-1,0,-1,,1,,4,4,4,4,,,,,,,,,,,,,,,,,,,,,,,,,,,,,,,-1,-1,,1 2 6,1,6,0,,0,2,1,,1,2 3,0,1,1,0,0,0,0
1514,1,0,0,11910958,1,0.643364063,29,9,0,5,,,,,,,,,,,,,,,,,,,,,,,,,,,,,,,4,4,2,4,0,1,-1,,0,,4,4,4,4,2 4 6,0,1,0,1,0,1,0,-1,-1,,,,,,1,Trade,7,,,7,,,,4,,4,0,,0,-1,-1,,2 4 6,1,7,,,0,4,1,2,3,1 2 3 5,1,1,1,0,1,0,0
979,3,0,1,12310096,1,0.014579922,35,97,1,3,2,-1,1,"Welcoming, cheerful",0,0,,0,1 2 4,1,1,0,1,0,0,0,1,Day laborer,,,97,0,,,2,,2,0,,0,4,1,4,4,1,0,-1,,0,,4,4,4,4,,,,,,,,,,,,,,,,,,,,,,,,,,,,,,,-1,1,0,1 2 4,1,97,0,,0,2,1,,2,,0,0,0,0,0,0,0
1020,3,0,1,11410309,1,0.267196894,54,4,1,6,6,0,1,Positive outlook,0,,,0,1 4 6,1,0,0,1,0,1,0,1,Government administration,,,15,1,Finance,11,3,,3,0,,0,4,4,4,4,0,1,0,,1,,4,4,4,4,,,,,,,,,,,,,,,,,,,,,,,,,,,,,,,0,1,0,1 4 6,1,15,1,11,0,3,0,,1,1 2 3 4 5 6,1,1,1,1,1,1,0
1248,3,0,1,11410470,1,0.744569394,30,9,0,3,,,,,,,,,,,,,,,,,,,,,,,,,,,,,,,4,4,4,4,0,0,0,,0,,4,4,4,4,2 4 5,0,1,0,1,1,0,0,0,0,,,,,,0,,,Manual labor,97,97,,,,,3,3,,0,0,0,0,,2 4 5,0,97,,,0,3,1,2,2,1 3,1,0,1,0,0,0,0
1305,3,0,1,11510455,1,0.066000836,35,7,1,2,3,-1,-1,"Collaborative, fulfills duties appropriately",0,1,,0.5,2 4 6,0,1,0,1,0,1,0,1,Maintenance,,,7.1,1,Hair salon,19,2,,2,0,,0,4,4,4,4,1,0,0,,0,,4,4,4,4,,,,,,,,,,,,,,,,,,,,,,,,,,,,,,,-1,-1,0.5,2 4 6,1,7.1,1,19,0,2,1,,1,1 3 6,1,0,1,0,0,1,0
1050,3,0,1,11410083,1,0.672569556,34,7,0,6,,,,,,,,,,,,,,,,,,,,,,,,,,,,,,,4,4,4,4,-1,0,0,,0,,4,4,4,4,3 4 6,0,0,1,1,0,1,0,-1,-1,"Manages time wisely, performs tasks appropriately",1,1,,1,1,Government administration,15,,,15,,,,3,,3,3,,3,-1,-1,1,3 4 6,1,15,,,3,3,1,2,3,2 3 5 6,0,1,1,0,1,1,0
889,3,0,1,12310155,1,0.10077069,27,97,1,3,2,-1,0,"Hardworking, approaches work with the right attitude",1,1,,1,1 2 4,1,1,0,1,0,0,0,0,,Day laborer,97,97,1,Domestic worker,20,,2,2,,0,0,4,1,2,4,0,0,-1,,1,,4,4,4,4,,,,,,,,,,,,,,,,,,,,,,,,,,,,,,,-1,0,1,1 2 4,0,97,1,20,0,2,1,,2,3,0,0,1,0,0,0,0
745,3,0,1,11410130,1,0.039603033,43,3,1,3,3,-1,-1,Provides good service,0,,,0,1 2 5,1,1,0,0,1,0,0,1,Driver,,,8,0,,,1,,1,2,,2,98,98,,,,,,,,,,,,,,,,,,,,,,,,,,,,,,,,,,,,,,,,,,,-1,-1,0,1 2 5,1,8,0,,2,1,,,,,0,0,0,0,0,0,0
1380,1,0,0,11910055,1,0.864080293,35,1,1,4,3,,,,,,,,,,,,,,,,,,,,,,,,,,,,,,1,4,4,4,-1,1,-1,,1,,4,3,4,4,2 4 6,0,1,0,1,0,1,0,-1,-1,"Compassionate ,Care full and Trustworthy",0,1,0,0.333333333,1,Construction,6,,,6,0,,,2,,2,0,,0,-1,-1,0.333333333,2 4 6,1,6,0,,0,2,1,,3,2 3 6,0,1,1,0,0,1,0
1630,1,0,0,11911674,1,0.342966028,30,4,1,5,2,-1,1,"Punctual ,Honesty and Communicator",0,0,0,0,1 4 6,1,0,0,1,0,1,0,1,Trade,,,7,0,,,2,,2,2,,2,1,2,3,4,-1,1,-1,,1,,4,4,4,4,,,,,,,,,,,,,,,,,,,,,,,,,,,,,,,-1,1,0,1 4 6,1,7,0,,2,2,1,,3,3,0,0,1,0,0,0,0
2293,2,1,0,11510318,1,0.940985706,50,6,1,4,4,,,,,,,,,,,,,,,,,,,,,,,,,,,,,,2,2,4,4,-1,0,-1,,1,,4,4,4,4,1 2 4,1,1,0,1,0,0,0,0,1,"Humility, Serve customers well, punctual",0,0,0,0,1,Taxi Driver,8,,,8,1,Entrepreneur,7,1,,1,2,,2,0,1,0,1 2 4,1,8,1,7,2,1,1,,1,2 3 4,0,1,1,1,0,0,0
1348,2,1,0,11610451,1,0.021290895,35,7,1,6,6,-1,-1,"Empathetic, trustworthy, Compassionate",0,0,0,0,1 4 6,1,0,0,1,0,1,0,1,Government administration,,,15,0,,,4,,4,0,,0,4,2,4,2,0,0,-1,,0,,4,4,3,4,,,,,,,,,,,,,,,,,,,,,,,,,,,,,,,-1,-1,0,1 4 6,1,15,0,,0,4,1,,1,2 3 6,0,1,1,0,0,1,0
2260,2,1,0,11410452,1,0.467870354,50,3,1,2,2,1,98,"Serve others well, Positivity",0,0,,0,1 2 6,1,1,0,0,0,1,0,0,,Trade,7,7,1,"School, cafeteria",16,,3,3,,2,2,98,98,98,98,0,1,-1,,1,,4,4,4,4,,,,,,,,,,,,,,,,,,,,,,,,,,,,,,,1,98,0,1 2 6,0,7,1,16,2,3,1,,3,1 2 3 6,1,1,1,0,0,1,0
1525,1,0,0,11911674b,1,0.008447398,30,1,0,3,,-1,-1,Hard worker and Honesty,1,0,,0.5,1 3 6,1,0,1,0,0,1,0,0,,Soldier,15.1,15.1,,,,,2,2,,0,0,1,2,2,4,-1,1,-1,,1,,4,4,4,4,,,,,,,,,,,,,,,,,,,,,,,,,,,,,,,-1,-1,0.5,1 3 6,0,15.1,,,0,2,1,1,,3,0,0,1,0,0,0,0
1482,2,1,0,11610288,1,0.22293305,57,1,1,6,6,-1,-1,"Serve others well, humility, positivity, credible",0,0,0,0,3 4 6,0,0,1,1,0,1,0,1,Auditor,,,13,1,Clinical nurse,17,2,,2,0,,0,2,2,2,4,-1,0,0,,1,,4,4,4,4,,,,,,,,,,,,,,,,,,,,,,,,,,,,,,,-1,-1,0,3 4 6,1,13,1,17,0,2,1,,3,2 3 5,0,1,1,0,1,0,0
6791,1,0,0,11810370,1,0.073971877,35,2,1,6,5,-1,-1,Honesty and Determination,0,1,,0.5,4 5 6,0,0,0,1,1,1,0,1,Instructor (teacher),,,16,0,,,3,,3,0,,0,4,1,4,4,-1,0,0,,0,,3,3,4,4,,,,,,,,,,,,,,,,,,,,,,,,,,,,,,,-1,-1,0.5,4 5 6,1,16,0,,0,3,0,,1,1 2 3 5 6,1,1,1,0,1,1,0
982,1,0,0,11910756,1,0.734562376,38,2,1,5,2,,,,,,,,,,,,,,,,,,,,,,,,,,,,,,4,3,2,4,-1,1,-1,,1,,4,2,4,4,1 4 6,1,0,0,1,0,1,0,-1,-1,Communicator and Provide quality service,0,0,,0,1,Construction,6,,,6,0,,,2,,2,0,,0,-1,-1,0,1 4 6,1,6,0,,0,2,1,,2,3 6,0,0,1,0,0,1,0
1967,2,1,0,11610260,1,0.833496554,42,4,1,6,5,,,,,,,,,,,,,,,,,,,,,,,,,,,,,,4,2,4,3,-1,0,0,,1,,4,4,4,4,2 4 6,0,1,0,1,0,1,0,-1,-1,"serve others well, patient, compassionate",0,0,0,0,0,,,NGO,14,14,1,"Government administration, finance",15,,2,2,,0,0,-1,-1,0,2 4 6,0,14,1,15,0,2,0,,3,2 3 5 6,0,1,1,0,1,1,0
1812,2,1,0,11610056,1,0.220832029,60,5,1,6,6,-1,1,"Conscientious, respect their work, obedient",1,1,0,0.666666667,2 5 6,0,1,0,0,1,1,0,1,Manager,,,13,0,,,2,,2,0,,0,4,4,4,3,-1,0,0,,1,,4,4,4,4,,,,,,,,,,,,,,,,,,,,,,,,,,,,,,,-1,1,0.666666667,2 5 6,1,13,0,,0,2,1,,3,1 2 3 4 5 6,1,1,1,1,1,1,0
2216,2,1,0,11610270,1,0.684593651,51,97,0,6,,,,,,,,,,,,,,,,,,,,,,,,,,,,,,,4,2,2,4,-1,1,-1,,1,,3,3,3,4,1 3 6,1,0,1,0,0,1,0,-1,-1,"Humility, compassionate, patience",0,0,0,0,1,Teacher,16,,,16,,,,2,,2,0,,0,-1,-1,0,1 3 6,1,16,,,0,2,0,1,,1 3 5,1,0,1,0,1,0,0
4016,2,1,0,11310050,1,0.102692882,58,6,1,6,6,-1,-1,"Humility, respect themselves",0,1,,0.5,2 3 6,0,1,1,0,0,1,0,1,Lecturer,,,16,1,Manager,13,2,,2,0,,0,4,4,4,2,0,0,0,,0,,4,4,4,4,,,,,,,,,,,,,,,,,,,,,,,,,,,,,,,-1,-1,0.5,2 3 6,1,16,1,13,0,2,1,,2,1 2 3 4 5 6,1,1,1,1,1,1,0
1309,1,0,0,11911189,1,0.666408355,27,7,0,3,,,,,,,,,,,,,,,,,,,,,,,,,,,,,,,3,2,1,2,-1,1,0,,1,,4,4,3,4,1 4 6,1,0,0,1,0,1,0,0,0,Good costumer service and Punctuality,0,0,,0,0,,,Driver,8,8,,,,,3,3,,0,0,0,0,0,1 4 6,0,8,,,0,3,1,1,,1 3 6,1,0,1,0,0,1,0
2055,1,0,0,11910548,1,0.235587824,32,9,1,5,5,-1,-1,Good customer service and Punctuality,0,0,,0,2 4 6,0,1,0,1,0,1,0,1,Driver,,,8,0,,,1,,1,0,,0,2,2,2,4,-1,0,-1,,1,,4,4,4,4,,,,,,,,,,,,,,,,,,,,,,,,,,,,,,,-1,-1,0,2 4 6,1,8,0,,0,1,1,,3,1 2 3 4 5 6,1,1,1,1,1,1,0
1699,1,0,0,11911565,1,0.824297469,52,,3,5,,,,,,,,,,,,,,,,,,,,,,,,,,,,,,,2,2,1,3,0,1,-1,,0,,4,4,4,4,2 4 6,0,1,0,1,0,1,0,-1,-1,Respect others and Provide quality service,0,0,,0,0,,,A salesperson,7,7,,,,,3,3,,1,1,-1,-1,0,2 4 6,0,7,,,1,3,1,2,3,1 2 3,1,1,1,0,0,0,0
1396,1,0,0,11910160,1,0.92618236,40,4,1,4,3,,,,,,,,,,,,,,,,,,,,,,,,,,,,,,4,98,4,4,0,1,-1,,1,,3,3,4,4,2 4 6,0,1,0,1,0,1,0,98,-1,,,,,,1,Construction,6,,,6,1,,,3,,3,0,,0,98,-1,,2 4 6,1,6,1,,0,3,1,,0,3,0,0,1,0,0,0,0
1238,1,0,0,11910585,1,0.680846512,40,2,1,4,2,,,,,,,,,,,,,,,,,,,,,,,,,,,,,,2,2,2,4,-1,1,-1,,0,,4,4,4,4,1 2 4,1,1,0,1,0,0,0,-1,-1,Humility,0,,,0,1,Driver,8,,,8,0,,,1,,1,0,,0,-1,-1,0,1 2 4,1,8,0,,0,1,0,,3,1 3,1,0,1,0,0,0,0
1700,1,0,0,11911186,1,0.68776769,30,6,1,5,3,,,,,,,,,,,,,,,,,,,,,,,,,,,,,,2,3,1,4,0,1,0,,1,,4,4,4,4,2 5 6,0,1,0,0,1,1,0,-1,-1,Team work and Work ethics,0,,,0,0,,,Time keeper,,,0,,,,3,3,,3,3,-1,-1,0,2 5 6,0,,0,,3,3,0,,3,3,0,0,1,0,0,0,0
3218,2,1,0,11610428,1,0.867073836,47,7,1,6,4,,,,,,,,,,,,,,,,,,,,,,,,,,,,,,4,3,2,2,1,0,-1,,1,,98,2,4,4,2 4 6,0,1,0,1,0,1,0,-1,-1,"Committed, patient/slow to punish, very knowledgeable regarding their work",0,0,1,0.333333333,1,NGO,14,,,14,0,,,2,,2,1,,1,-1,-1,0.333333333,2 4 6,1,14,0,,1,2,1,,3,2 3 5 6,0,1,1,0,1,1,0
1589,2,1,0,11610174,1,0.979897339,51,7,1,6,4,,,,,,,,,,,,,,,,,,,,,,,,,,,,,,3,1,3,4,0,0,0,,0,,4,4,4,4,2 4 6,0,1,0,1,0,1,0,-1,-1,"Cooperative, compassionate, trustworthy",0,0,0,0,1,Accountant,13,,,13,1,Retail trade (cosmetics),7.21,5,,5,1,,1,-1,-1,0,2 4 6,1,13,1,7.21,1,5,0,,1,1 2 3 4 5 6,1,1,1,1,1,1,0
2335,2,1,0,11710164,1,0.387138987,45,3,1,97,97,-1,-1,Kind,0,,,0,2 5 6,0,1,0,0,1,1,0,0,,Construction,6,6,0,,,,2,2,,0,0,98,98,98,98,1,1,-1,,1,,98,98,98,98,,,,,,,,,,,,,,,,,,,,,,,,,,,,,,,-1,-1,0,2 5 6,0,6,0,,0,2,1,,3,,0,0,0,0,0,0,0
1366,2,1,0,11510365,1,0.736110846,72,7,1,4,2,,,,,,,,,,,,,,,,,,,,,,,,,,,,,,1,2,2,2,-1,0,-1,,1,,3,4,3,4,3 5 6,0,0,1,0,1,1,0,-1,-1,"Personable, trustworthy",0,0,,0,0,,,Government administration,15,15,0,,,,3,3,,0,0,-1,-1,0,3 5 6,0,15,0,,0,3,1,,2,1 2 3 6,1,1,1,0,0,1,0
2967,2,1,0,11710431,1,0.128481978,39,9,1,2,2,0,-1,"Good work ethics, highly focused, calm",,1,1,1,4 5 6,0,0,0,1,1,1,0,0,,Manufacturing (grain),3,3,0,,,,1,1,,0,0,4,3,4,4,0,0,-1,,0,,2,4,4,4,,,,,,,,,,,,,,,,,,,,,,,,,,,,,,,0,-1,1,4 5 6,0,3,0,,0,1,1,,1,1,1,0,0,0,0,0,0
1306,2,1,0,11710148,1,0.517051644,30,97,1,3,3,,,,,,,,,,,,,,,,,,,,,,,,,,,,,,2,4,4,4,0,0,-1,,1,,4,4,4,4,1 2 4,1,1,0,1,0,0,0,0,-1,98,,,,,1,Transportation (tires),8,,,8,0,,,2,,2,2,,2,0,-1,,1 2 4,1,8,0,,2,2,1,,1,1 3 6,1,0,1,0,0,1,0
1177,3,0,1,11510020,1,0.938784954,43,1,1,6,6,,,,,,,,,,,,,,,,,,,,,,,,,,,,,,4,4,4,4,0,0,0,,0,,4,4,4,4,2 4 6,0,1,0,1,0,1,0,-1,-1,"Credible, hardworking, committed/conformist",0,1,0,0.333333333,1,Engineer,13,,,13,1,Finance,11,1,,1,0,,0,-1,-1,0.333333333,2 4 6,1,13,1,11,0,1,1,,1,1 2 3 4 5 6,1,1,1,1,1,1,0
1023,3,0,1,11510638,1,0.303953647,52,4,1,4,6,-1,-1,,,,,,2 4 5,0,1,0,1,1,0,0,1,Trade,,,7,1,Retail trade,7,2,,2,2,,2,4,98,4,2,-1,0,-1,,1,,4,4,4,4,,,,,,,,,,,,,,,,,,,,,,,,,,,,,,,-1,-1,,2 4 5,1,7,1,7,2,2,0,,0,1 2 3 4 6,1,1,1,1,0,1,0
974,3,0,1,11510517,1,0.292575299,28,97,0,6,,-1,-1,Committed/conformist,1,0,,0.5,1 2 4 5,1,1,0,1,1,0,0,1,,,,,,,,3,,3,0,,0,4,4,4,4,-1,1,-1,,1,,4,4,4,4,,,,,,,,,,,,,,,,,,,,,,,,,,,,,,,-1,-1,0.5,,1,,,,0,3,0,1,,1 2 3 5 6,1,1,1,0,1,1,0
1449,3,0,1,11510041,1,0.319467635,48,97,1,5,6,0,0,,,,,,1 2 6,1,1,0,0,0,1,0,1,Driver,,,8,1,"Government administration, finance",15,2,,2,2,,2,4,4,4,4,-1,0,0,,1,,4,4,4,4,,,,,,,,,,,,,,,,,,,,,,,,,,,,,,,0,0,,1 2 6,1,8,1,15,2,2,1,,1,1 2 3 4 5 6,1,1,1,1,1,1,0
724,3,0,1,11610309,1,0.362972552,37,2,1,6,5,1,-1,"Good work ethics, credibility, kindness, humility",,0,0,0,3 4 6,0,0,1,1,0,1,0,1,Government administration (party rep),,,15,0,,,2,,2,0,,0,4,2,4,4,0,1,0,,1,,4,4,4,4,,,,,,,,,,,,,,,,,,,,,,,,,,,,,,,1,-1,0,3 4 6,1,15,0,,0,2,1,,1,1 2 3 6,1,1,1,0,0,1,0
1692,3,0,1,11710096,1,0.366589007,30,2,1,97,97,0,-1,Serves others well,0,,,0,2 3 4,0,1,1,1,0,0,0,0,,Day labor,97,97,1,,,,2,2,,0,0,4,2,4,4,-1,1,0,,1,,4,4,2,4,,,,,,,,,,,,,,,,,,,,,,,,,,,,,,,0,-1,0,2 3 4,0,97,1,,0,2,0,,1,3 6,0,0,1,0,0,1,0
1593,3,0,1,11710055,1,0.061705392,40,2,1,2,98,-1,1,,,,,,,0,0,0,0,0,0,0,1,Transportation (bajaj),,,8,0,,,1,,1,2,,2,4,4,1,4,1,1,-1,,0,,4,4,4,4,,,,,,,,,,,,,,,,,,,,,,,,,,,,,,,-1,1,,,1,8,0,,2,1,0,,3,2 3 4,0,1,1,1,0,0,0
1315,1,0,0,11911365,1,0.245213845,29,7,1,3,4,0,-1,Work in team and Problem solver,0,1,,0.5,2 3 6,0,1,1,0,0,1,0,0,,Construction,6,6,0,,,,2,2,,1,1,1,1,1,4,1,0,-1,,1,,4,4,4,4,,,,,,,,,,,,,,,,,,,,,,,,,,,,,,,0,-1,0.5,2 3 6,0,6,0,,1,2,1,,3,3,0,0,1,0,0,0,0
1221,1,0,0,11911636,1,0.809605583,47,9,1,5,4,,,,,,,,,,,,,,,,,,,,,,,,,,,,,,4,2,4,4,-1,1,0,,-1,,3,4,4,4,2 4 6,0,1,0,1,0,1,0,-1,-1,Punctuality and Honesty,0,0,,0,1,Technician,13,,,13,0,,,2,,2,0,,0,-1,-1,0,2 4 6,1,13,0,,0,2,1,,0,1 2 3 6,1,1,1,0,0,1,0
992,1,0,0,11910847,1,0.327829164,30,3,0,5,,-1,1,,,,,,1 3 6,1,0,1,0,0,1,0,1,Painter,,,18,,,,2,,2,0,,0,4,2,4,3,-1,-1,-1,,1,,4,4,4,4,,,,,,,,,,,,,,,,,,,,,,,,,,,,,,,-1,1,,1 3 6,1,18,,,0,2,1,2,3,3,0,0,1,0,0,0,0
1664,3,0,1,11610440,1,0.540840083,41,4,1,6,6,,,,,,,,,,,,,,,,,,,,,,,,,,,,,,4,4,3,4,0,1,-1,,1,,4,4,4,4,2 4 6,0,1,0,1,0,1,0,-1,-1,"Credible, committed",0,1,,0.5,1,"Government administration, teaching",16,,,16,1,Accountant,13,2,,2,0,,0,-1,-1,0.5,2 4 6,1,16,1,13,0,2,0,,1,2 3 5 6,0,1,1,0,1,1,0
2332,3,0,1,11610430,1,0.312737126,56,7,1,4,2,0,98,Facilitate good relationships,0,,,0,1 2 4,1,1,0,1,0,0,0,1,Guard,,,14.1,0,,,2,,2,2,,2,4,1,4,4,98,0,0,,0,,4,4,4,4,,,,,,,,,,,,,,,,,,,,,,,,,,,,,,,0,98,0,1 2 4,1,14.1,0,,2,2,1,,3,3,0,0,1,0,0,0,0
1113,3,0,1,11710145,1,0.356268826,27,2,1,2,2,1,-1,"Obedient, kind, complete tasks appropriately, good work ethics (don’t discriminate between tasks)",0,0,1,0.333333333,2 5 6,0,1,0,0,1,1,0,0,,Transportation,8,8,0,,,,1,1,,0,0,4,4,4,4,0,0,-1,,1,,4,4,4,4,,,,,,,,,,,,,,,,,,,,,,,,,,,,,,,1,-1,0.333333333,2 5 6,0,8,0,,0,1,0,,3,3 6,0,0,1,0,0,1,0
1265,3,0,1,11610326,1,0.124101096,30,97,1,6,6,0,0,"Actively participate at work, complete tasks appropriately, credible (don’t engage in corruption)",1,0,,0.5,1 2 3,1,1,1,0,0,0,0,1,Waste collection,,,5,1,Teaching,16,4,,4,1,,1,4,4,4,4,-1,1,0,,1,,4,2,2,4,,,,,,,,,,,,,,,,,,,,,,,,,,,,,,,0,0,0.5,1 2 3,1,5,1,16,1,4,0,,2,1 3 5,1,0,1,0,1,0,0
877,3,0,1,11610182,1,0.530761671,45,97,1,4,5,,,,,,,,,,,,,,,,,,,,,,,,,,,,,,4,3,4,4,0,1,-1,,1,,4,4,2,2,1 3 6,1,0,1,0,0,1,0,0,0,"Maternal, strict, strong-willed",0,1,1,0.666666667,1,Construction,6,,,6,1,Nursing,17,3,,3,2,,2,0,0,0.666666667,1 3 6,1,6,1,17,2,3,0,,0,2 3 4 5 6,0,1,1,1,1,1,0
1792,3,0,1,11812239,1,0.937108949,32,3,1,6,3,,,,,,,,,,,,,,,,,,,,,,,,,,,,,,4,4,4,4,98,1,0,,0,,4,4,4,4,4 5 6,0,0,0,1,1,1,0,98,-1,Understanding/personable,0,,,0,1,Government administration (education),15,,,15,1,Guard,14.1,2,,2,1,,1,98,-1,0,4 5 6,1,15,1,14.1,1,2,1,,3,3,0,0,1,0,0,0,0
1619,3,0,1,11812208,1,0.264288291,49,1,1,3,2,0,0,"Hardworking, performs tasks appropriately",1,1,,1,3 4 5,0,0,1,1,1,0,0,1,Guard,,,14.1,0,,,3,,3,0,,0,4,1,2,4,0,1,-1,,1,,4,4,4,4,,,,,,,,,,,,,,,,,,,,,,,,,,,,,,,0,0,1,3 4 5,1,14.1,0,,0,3,1,,2,1 2 3,1,1,1,0,0,0,0
1621,2,1,0,11710215,1,0.73389141,32,97,1,97,97,,,,,,,,,,,,,,,,,,,,,,,,,,,,,,4,4,4,4,98,1,-1,,1,,4,4,4,4,3 5 6,0,0,1,0,1,1,0,-1,-1,98,,,,,1,Manual labor,97,,,97,0,,,2,,2,0,,0,-1,-1,,3 5 6,1,97,0,,0,2,0,,0,,0,0,0,0,0,0,0
1712,2,1,0,11710250,1,0.864865427,31,3,1,97,3,,,,,,,,,,,,,,,,,,,,,,,,,,,,,,2,2,2,2,-1,1,-1,,1,,2,2,2,2,3 5 6,0,0,1,0,1,1,0,0,1,98,,,,,0,,,Construction,6,6,0,,,,2,2,,0,0,0,1,,3 5 6,0,6,0,,0,2,0,,3,,0,0,0,0,0,0,0
1520,2,1,0,11610269,1,0.293682056,34,3,1,6,5,0,-1,"Trustworthy, kind, takes ownership of duties",0,0,1,0.333333333,4 5 6,0,0,0,1,1,1,0,1,Teacher,,,16,1,Teacher,16,1,,1,0,,0,4,1,4,4,98,1,-1,,1,,4,4,4,4,,,,,,,,,,,,,,,,,,,,,,,,,,,,,,,0,-1,0.333333333,4 5 6,1,16,1,16,0,1,1,,3,1 2 3 5 6,1,1,1,0,1,1,0
1096,1,0,0,11910777,1,0.380895273,32,3,1,4,2,-1,-1,,,,,,2 4 6,0,1,0,1,0,1,0,1,Guard,,,14.1,0,,,2,,2,0,,0,2,1,2,3,0,0,-1,,1,,4,2,4,3,,,,,,,,,,,,,,,,,,,,,,,,,,,,,,,-1,-1,,2 4 6,1,14.1,0,,0,2,0,,2,1 3,1,0,1,0,0,0,0
2273,1,0,0,11910477,1,0.354638856,29,2,1,3,97,-1,0,provide quality service and work ethics,0,,,0,2 4 6,0,1,0,1,0,1,0,0,,Day-labor,97,97,0,,,,2,2,,3,3,3,4,3,4,0,0,-1,,1,,4,4,4,4,,,,,,,,,,,,,,,,,,,,,,,,,,,,,,,-1,0,0,2 4 6,0,97,0,,3,2,1,,3,1 3,1,0,1,0,0,0,0
1598,1,0,0,11911137,1,0.869172167,63,8,1,5,2,,,,,,,,,,,,,,,,,,,,,,,,,,,,,,4,4,4,4,0,0,0,,0,,4,4,4,4,1 2 6,1,1,0,0,0,1,0,-1,-1,Careful and ability to work,1,1,,1,1,manager (of industry),13,,,13,0,,,4,,4,1,,1,-1,-1,1,1 2 6,1,13,0,,1,4,1,,3,1 2 3 5 6,1,1,1,0,1,1,0
2710,1,0,0,11911075,1,0.845150844,39,2,1,3,3,,,,,,,,,,,,,,,,,,,,,,,,,,,,,,2,4,2,4,0,1,-1,,0,,4,4,4,4,2 4 5 6,0,1,0,1,1,1,0,1,1,"Humble ,Obedience and work ethics",0,0,,0,1,Construction,6,,,6,0,,,2,,2,3,,3,1,1,0,,1,6,0,,3,2,1,,3,2 3 6,0,1,1,0,0,1,0
1121,2,1,0,11812256,1,0.017941371,20,2,2,2,3,-1,-1,98,,,,,2 3 4,0,1,1,1,0,0,0,0,,Construction,6,6,0,,,,2,2,,1,1,3,4,4,4,-1,1,-1,,1,,4,98,4,4,,,,,,,,,,,,,,,,,,,,,,,,,,,,,,,-1,-1,,2 3 4,0,6,0,,1,2,0,3,3,,0,0,0,0,0,0,0
2764,2,1,0,11710017,1,0.350517072,55,97,1,97,2,-1,-1,"Obedient, hardworking",0,1,,0.5,2 3 5,0,1,1,0,1,0,0,1,Guard,,,14.1,1,Sanitation,14.11,1,,1,0,,0,2,2,4,4,0,1,-1,,0,,4,4,4,4,,,,,,,,,,,,,,,,,,,,,,,,,,,,,,,-1,-1,0.5,2 3 5,1,14.1,1,14.11,0,1,1,,3,1 3,1,0,1,0,0,0,0
2109,1,0,0,11910384,1,0.401226141,34,9,1,3,3,0,0,Hard worker and Punctuality,1,0,,0.5,3 4 6,0,0,1,1,0,1,0,1,Construction,,,6,0,,,2,,2,3,,3,1,1,1,1,0,1,-1,,1,,3,4,4,4,,,,,,,,,,,,,,,,,,,,,,,,,,,,,,,0,0,0.5,3 4 6,1,6,0,,3,2,0,,3,3 6,0,0,1,0,0,1,0
906,1,0,0,11910376,1,0.749722896,52,9,1,3,2,,,,,,,,,,,,,,,,,,,,,,,,,,,,,,4,3,3,2,-1,1,0,,0,,4,4,4,3,2 4 6,0,1,0,1,0,1,0,0,-1,Humble and provide good customer service,0,0,,0,1,Trade,7,,,7,1,Trade,7,3,,3,2,,2,0,-1,0,2 4 6,1,7,1,7,2,3,0,,1,1 2 3,1,1,1,0,0,0,0
1373,1,0,0,11910002,1,0.482906979,45,1,1,4,3,-1,-1,,,,,,1 2 4,1,1,0,1,0,0,0,1,Technician,,,13,1,Trade,7,2,,2,2,,2,1,1,2,4,0,0,0,,1,,4,4,4,4,,,,,,,,,,,,,,,,,,,,,,,,,,,,,,,-1,-1,,1 2 4,1,13,1,7,2,2,0,,3,1 2 3 6,1,1,1,0,0,1,0
1474,1,0,0,11911278,1,0.143094001,57,4,1,5,4,-1,1,Good planner,1,,,1,2 3 4,0,1,1,1,0,0,0,0,,Construction,6,6,0,,,,2,2,,0,0,4,4,4,4,1,0,0,,1,,4,4,4,4,,,,,,,,,,,,,,,,,,,,,,,,,,,,,,,-1,1,1,2 3 4,0,6,0,,0,2,0,,3,1 2 3,1,1,1,0,0,0,0
2344,3,0,1,11810633,1,0.864811088,53,1,3,97,,,,,,,,,,,,,,,,,,,,,,,,,,,,,,,2,4,4,4,-1,1,-1,,1,,1,2,2,4,1 2 6,1,1,0,0,0,1,0,-1,0,,,,,,0,,,Construction,6,6,,,,,2,2,,0,0,-1,0,,1 2 6,0,6,,,0,2,1,2,0,1 2 3 5,1,1,1,0,1,0,0
995,3,0,1,11810648,1,0.334178636,30,97,1,3,3,0,-1,"Welcomes others, committed/good work ethics",0,1,,0.5,1 4 6,1,0,0,1,0,1,0,0,,Construction,6,6,1,Domestic worker,20,,2,2,,0,0,2,4,3,4,0,1,-1,,0,,4,4,2,4,,,,,,,,,,,,,,,,,,,,,,,,,,,,,,,0,-1,0.5,1 4 6,0,6,1,20,0,2,0,,2,3,0,0,1,0,0,0,0
1065,3,0,1,11810953,1,0.077503269,36,1,1,3,3,-1,-1,Collaboration,0,,,0,2 5 6,0,1,0,0,1,1,0,1,Construction,,,6,0,,,2,,2,0,,0,1,3,1,4,-1,1,-1,,1,,4,4,4,4,,,,,,,,,,,,,,,,,,,,,,,,,,,,,,,-1,-1,0,2 5 6,1,6,0,,0,2,1,,1,3 6,0,0,1,0,0,1,0
861,3,0,1,11811138,1,0.932722361,49,2,1,3,3,,,,,,,,,,,,,,,,,,,,,,,,,,,,,,4,4,4,4,-1,1,0,,1,,4,4,4,4,1 2 3,1,1,1,0,0,0,0,-1,98,Customer service (de-escalation),0,,,0,1,Driver,8,,,8,0,,,2,,2,0,,0,-1,98,0,1 2 3,1,8,0,,0,2,0,,0,1 2 3,1,1,1,0,0,0,0
1961,3,0,1,11811942,1,0.71704206,45,8,1,3,97,,,,,,,,,,,,,,,,,,,,,,,,,,,,,,4,4,4,4,-1,1,-1,,1,,2,4,4,4,1 3 6,1,0,1,0,0,1,0,-1,1,"Good character, personable/welcoming, sociable",0,0,0,0,1,Guard,14.1,,,14.1,1,Retail trade,7,2,,2,0,,0,-1,1,0,1 3 6,1,14.1,1,7,0,2,0,,2,2 3,0,1,1,0,0,0,0
1090,3,0,1,11810154,1,0.544914477,24,4,0,4,,,,,,,,,,,,,,,,,,,,,,,,,,,,,,,2,4,2,4,-1,0,0,,1,,4,4,4,4,1 4 6,1,0,0,1,0,1,0,-1,-1,Committed/good work ethics,1,,,1,1,Repairing,7.1,,,7.1,,,,2,,2,2,,2,-1,-1,1,1 4 6,1,7.1,,,2,2,1,1,,1 3,1,0,1,0,0,0,0
1803,2,1,0,11710047,1,0.091913917,38,8,1,97,97,-1,-1,98,,,,,2 3 6,0,1,1,0,0,1,0,1,Construction,,,6,0,,,1,,1,0,,0,3,3,4,3,0,1,-1,,1,,2,2,3,4,,,,,,,,,,,,,,,,,,,,,,,,,,,,,,,-1,-1,,2 3 6,1,6,0,,0,1,1,,3,1,1,0,0,0,0,0,0
1558,1,0,0,11911133,1,0.060224878,74,5,1,4,6,0,1,"Strong,Exemplary leadership and believe in team work",,,0,0,3 5 6,0,0,1,0,1,1,0,0,,Teacher,16,16,0,,,,3,3,,1,1,2,2,1,3,-1,0,0,,1,,4,4,4,4,,,,,,,,,,,,,,,,,,,,,,,,,,,,,,,0,1,0,3 5 6,0,16,0,,1,3,1,,0,2 3,0,1,1,0,0,0,0
2360,3,0,1,12210287,1,0.453871382,50,2,1,3,,0,0,"Provides good service, respects the time of customers, performs tasks appropriately",0,0,1,0.333333333,2 4 6,0,1,0,1,0,1,0,1,Driver,,,8,0,,,2,,2,3,,3,4,98,98,98,0,0,-1,,1,,4,4,4,4,,,,,,,,,,,,,,,,,,,,,,,,,,,,,,,0,0,0.333333333,2 4 6,1,8,0,,3,2,0,,1,1 3 4,1,0,1,1,0,0,0
2080,2,1,0,11710249,1,0.622042998,35,5,1,2,3,,,,,,,,,,,,,,,,,,,,,,,,,,,,,,2,2,4,4,-1,1,-1,,1,,1,4,4,4,2 5 6,0,1,0,0,1,1,0,0,1,"Kind character, customer service (explains things patiently)",0,0,,0,0,,,Sanitation,14.11,14.11,0,,,,3,3,,1,1,0,1,0,2 5 6,0,14.11,0,,1,3,0,,3,3,0,0,1,0,0,0,0
1536,2,1,0,11610346,1,0.775050189,28,97,0,6,,,,,,,,,,,,,,,,,,,,,,,,,,,,,,,1,1,3,4,98,0,-1,,1,,4,4,4,4,1 2 6,1,1,0,0,0,1,0,-1,-1,98,,,,,1,Government administration,15,,,15,,,,2,,2,0,,0,-1,-1,,1 2 6,1,15,,,0,2,1,1,,6,0,0,0,0,0,1,0
1429,2,1,0,11710598,1,0.887528054,31,2,1,97,97,,,,,,,,,,,,,,,,,,,,,,,,,,,,,,2,2,3,4,-1,1,-1,,1,,4,4,4,4,2 4 6,0,1,0,1,0,1,0,0,-1,98,,,,,1,Weaving,7,,,7,1,Manual labor,97,2,,2,2,,2,0,-1,,2 4 6,1,7,1,97,2,2,0,,2,1,1,0,0,0,0,0,0
2229,2,1,0,11710531,1,0.990684582,50,97,3,3,,,,,,,,,,,,,,,,,,,,,,,,,,,,,,,4,4,4,4,-1,1,-1,,1,,4,4,4,4,2 4 6,0,1,0,1,0,1,0,-1,-1,"Committed, good work ethics (don’t discriminate between tasks), punctual, respects customers, committed",1,,0,0.5,1,Guard,14.1,,,14.1,,,,3,,3,0,,0,-1,-1,0.5,2 4 6,1,14.1,,,0,3,1,4,3,,0,0,0,0,0,0,0
2180,2,1,0,11812012,1,0.640453641,28,8,1,3,3,,,,,,,,,,,,,,,,,,,,,,,,,,,,,,2,3,2,2,-1,1,-1,,-1,,3,4,4,4,1 2 6,1,1,0,0,0,1,0,-1,-1,"Completes tasks appropriately, obedient, good work ethics (readily accepts assigned tasks)",1,0,,0.5,0,,,Manufacturing (shoes),3,3,1,Domestic worker,20,,4,4,,0,0,-1,-1,0.5,1 2 6,0,3,1,20,0,4,0,,2,3,0,0,1,0,0,0,0
3620,2,1,0,11710393,1,0.603532887,48,8,1,97,97,,,,,,,,,,,,,,,,,,,,,,,,,,,,,,2,2,2,4,-1,1,-1,,1,,3,3,3,4,2 5 6,0,1,0,0,1,1,0,1,1,"Hard working, obedient",1,0,,0.5,0,,,Carpenter,3,3,0,,,,2,2,,0,0,1,1,0.5,2 5 6,0,3,0,,0,2,1,,1,1 3 6,1,0,1,0,0,1,0
2049,2,1,0,11710599,1,0.439968862,65,2,1,97,97,98,98,"Obedient, collaborative",0,0,,0,98,0,0,0,0,0,0,1,1,Weaving,,,7,1,Weaving,7,4,,4,2,,2,4,4,4,4,0,1,0,,0,,4,4,4,4,,,,,,,,,,,,,,,,,,,,,,,,,,,,,,,98,98,0,98,1,7,1,7,2,4,1,,3,3,0,0,1,0,0,0,0
1654,2,1,0,11811977,1,0.34692585,31,3,1,97,97,0,0,98,,,,,98,0,0,0,0,0,0,1,1,Farming,,,1,1,Farming,1,2,,2,0,,0,3,98,98,98,0,0,0,,0,,3,4,4,4,,,,,,,,,,,,,,,,,,,,,,,,,,,,,,,0,0,,98,1,1,1,1,0,2,0,,3,,0,0,0,0,0,0,0
853,1,0,0,11911504,1,0.434435663,39,97,3,5,,-1,-1,Communicator,0,,,0,2 4 5,0,1,0,1,1,0,0,1,Purchaser,,,7,,,,4,,4,1,,1,1,2,1,4,0,1,-1,,1,,4,4,98,4,,,,,,,,,,,,,,,,,,,,,,,,,,,,,,,-1,-1,0,2 4 5,1,7,,,1,4,0,1,,,0,0,0,0,0,0,0
1775,1,0,0,11910296,1,0.331283342,35,2,1,3,4,0,-1,"Respect their customer better than men,Humble and Work Ethics",0,0,,0,2 4 6,0,1,0,1,0,1,0,1,Artist,,,18,1,Health Officer,17,1,,1,0,,0,1,3,1,1,-1,1,-1,,1,,4,4,4,4,,,,,,,,,,,,,,,,,,,,,,,,,,,,,,,0,-1,0,2 4 6,1,18,1,17,0,1,1,,1,1 3,1,0,1,0,0,0,0
1014,3,0,1,11810423,1,0.446121912,36,8,1,2,3,0,-1,Do their work appropriately,1,,,1,1 3 6,1,0,1,0,0,1,0,1,Guard,,,14.1,0,,,2,,2,0,,0,98,98,98,98,0,1,0,,1,,4,4,4,4,,,,,,,,,,,,,,,,,,,,,,,,,,,,,,,0,-1,1,1 3 6,1,14.1,0,,0,2,1,,1,1 3 5,1,0,1,0,1,0,0
2572,3,0,1,11810191,1,0.436603119,40,1,1,3,3,98,98,,,,,,1 2 6,1,1,0,0,0,1,0,1,Construction,,,6,1,Manufacturing (textiles),3,4,,4,1,,1,4,4,4,4,-1,1,-1,,1,,2,1,4,4,,,,,,,,,,,,,,,,,,,,,,,,,,,,,,,98,98,,1 2 6,1,6,1,3,1,4,1,,3,1 3,1,0,1,0,0,0,0
2045,1,0,0,11911001,1,0.709151773,55,4,1,6,5,,,,,,,,,,,,,,,,,,,,,,,,,,,,,,4,2,4,3,0,0,0,,0,,4,4,4,4,2 3 6,0,1,1,0,0,1,0,-1,-1,Work hard and Good leadership,1,,,1,1,Self employed,7,,,7,1,Secretary,14,2,,2,2,,2,-1,-1,1,2 3 6,1,7,1,14,2,2,1,,3,1 2 3 5,1,1,1,0,1,0,0
1758,2,1,0,11812236,1,0.50344154,24,97,0,3,,,,,,,,,,,,,,,,,,,,,,,,,,,,,,,4,4,4,4,0,1,-1,,0,,1,2,4,4,2 3 4,0,1,1,1,0,0,0,0,-1,98,,,,,1,Construction,6,,,6,,,,1,,1,0,,0,0,-1,,2 3 4,1,6,,,0,1,0,2,3,3 6,0,0,1,0,0,1,0
1644,3,0,1,11812221,1,0.795784447,50,7,3,3,,,,,,,,,,,,,,,,,,,,,,,,,,,,,,,4,4,4,4,98,0,-1,,0,,4,4,4,4,3 4 6,0,0,1,1,0,1,0,1,1,"Follow orders appropriately, employ talents to the fullest extent, quick to ask about something they don’t know, don’t rash decision-making, patient, performs tasks calmly",0,0,1,0.333333333,1,Guard,14.1,,,14.1,,,,2,,2,0,,0,1,1,0.333333333,3 4 6,1,14.1,,,0,2,1,1,,,0,0,0,0,0,0,0
1134,3,0,1,11810566,1,0.57184927,45,97,0,3,,,,,,,,,,,,,,,,,,,,,,,,,,,,,,,98,98,98,98,0,1,0,,1,,4,4,4,4,1 5 6,1,0,0,0,1,1,0,0,-1,Compassion,0,,,0,1,Driver,8,,,8,,,,2,,2,0,,0,0,-1,0,1 5 6,1,8,,,0,2,1,1,,1 3,1,0,1,0,0,0,0
989,3,0,1,11810188,1,0.952988106,19,3,0,4,,,,,,,,,,,,,,,,,,,,,,,,,,,,,,,2,4,2,4,1,0,0,,1,,4,4,3,4,2 3 6,0,1,1,0,0,1,0,-1,-1,"Caregiving, hardworking, humility",0,1,0,0.333333333,1,Weaving,7,,,7,,,,3,,3,0,,0,-1,-1,0.333333333,2 3 6,1,7,,,0,3,0,2,2,1 3 4 5 6,1,0,1,1,1,1,0
2196,2,1,0,11710011,1,0.580610258,60,3,1,3,97,,,,,,,,,,,,,,,,,,,,,,,,,,,,,,2,1,1,2,0,1,-1,,0,,4,2,4,4,1 2 4,1,1,0,1,0,0,0,98,1,"Customer service (de-escalation), serve others well ,conscientious",0,0,,0,1,Street vendor (fruits and vegetables),7.11,,,7.11,1,Street vendor (fruits and vegetables),7.11,4,,4,2,,2,98,1,0,1 2 4,1,7.11,1,7.11,2,4,1,,0,2 3 6,0,1,1,0,0,1,0
5629,2,1,0,11810309,1,0.102294982,38,7,1,3,3,1,-1,Humility,0,,,0,2 3 6,0,1,1,0,0,1,0,1,Trade/Retail,,,7,1,cafeteria,9,1,,1,2,,2,2,4,2,4,0,0,-1,,0,,4,4,4,4,,,,,,,,,,,,,,,,,,,,,,,,,,,,,,,1,-1,0,2 3 6,1,7,1,9,2,1,0,,2,1 2 3 6,1,1,1,0,0,1,0
1098,1,0,0,11910334,1,0.235937165,49,8,1,5,2,-1,0,Honesty and Hard worker,0,1,,0.5,2 3 6,0,1,1,0,0,1,0,0,,Construction,6,6,0,,,,1,1,,0,0,4,4,4,4,1,1,0,,0,,4,4,4,4,,,,,,,,,,,,,,,,,,,,,,,,,,,,,,,-1,0,0.5,2 3 6,0,6,0,,0,1,1,,1,1 3 6,1,0,1,0,0,1,0
1680,1,0,0,11911361,1,0.839269046,41,7,1,3,3,,,,,,,,,,,,,,,,,,,,,,,,,,,,,,1,2,4,4,0,1,0,,1,,4,3,4,4,1 2 6,1,1,0,0,0,1,0,98,-1,,,,,,1,Guard,14.1,,,14.1,0,,,2,,2,0,,0,98,-1,,1 2 6,1,14.1,0,,0,2,1,,3,1,1,0,0,0,0,0,0
1044,1,0,0,11910185,1,0.907989761,29,3,1,4,6,,,,,,,,,,,,,,,,,,,,,,,,,,,,,,3,3,1,4,-1,1,0,,0,,4,4,4,4,1 2 6,1,1,0,0,0,1,0,-1,-1,Goodness and Respect customer,0,0,,0,1,Construction,6,,,6,1,Banker,11,1,,1,0,,0,-1,-1,0,1 2 6,1,6,1,11,0,1,1,,3,1 2 3 5 6,1,1,1,0,1,1,0
1434,2,1,0,11810486,1,0.630651128,45,3,1,2,97,,,,,,,,,,,,,,,,,,,,,,,,,,,,,,4,2,2,4,0,0,0,,0,,4,4,4,4,2 4 6,0,1,0,1,0,1,0,-1,-1,98,,,,,1,Construction,6,,,6,0,,,1,,1,0,,0,-1,-1,,2 4 6,1,6,0,,0,1,0,,0,3,0,0,1,0,0,0,0
2271,2,1,0,11811200,1,0.365201317,40,5,1,2,2,0,-1,98,,,,,98,0,0,0,0,0,0,1,1,Manual labor,,,97,0,,,2,,2,0,,0,98,98,98,98,-1,0,0,,1,,4,3,98,98,,,,,,,,,,,,,,,,,,,,,,,,,,,,,,,0,-1,,98,1,97,0,,0,2,0,,2,1,1,0,0,0,0,0,0
1786,3,0,1,11812234,1,0.266132731,58,3,1,2,97,0,1,,,,,,1 3 6,1,0,1,0,0,1,0,1,Guard,,,14.1,0,,,2,,2,0,,0,4,4,4,4,1,1,-1,,1,,4,4,4,1,,,,,,,,,,,,,,,,,,,,,,,,,,,,,,,0,1,,1 3 6,1,14.1,0,,0,2,1,,1,3 5 6,0,0,1,0,1,1,0
1248,3,0,1,11810870,1,0.881550046,37,97,1,3,97,,,,,,,,,,,,,,,,,,,,,,,,,,,,,,4,4,4,4,-1,0,-1,,0,,4,4,4,4,1 2 4,1,1,0,1,0,0,0,0,-1,,,,,,1,Retail trade (clothes),7.21,,,7.21,0,,,3,,3,2,,2,0,-1,,1 2 4,1,7.21,0,,2,3,0,,2,1,1,0,0,0,0,0,0
1015,2,1,0,11812735,1,0.591609373,28,8,1,3,98,,,,,,,,,,,,,,,,,,,,,,,,,,,,,,2,2,4,2,-1,-1,0,,1,,4,4,4,4,1 3 6,1,0,1,0,0,1,0,-1,-1,98,,,,,1,Trade/ Retail,7,,,7,0,,,2,,2,0,,0,-1,-1,,1 3 6,1,7,0,,0,2,1,,3,1 2 6,1,1,0,0,0,1,0
2004,2,1,0,11812559,1,0.121341723,46,9,1,4,4,-1,-1,Kind,0,,,0,2 5 6,0,1,0,0,1,1,0,1,Vehicle repair,,,7.1,0,,,2,,2,0,,0,3,2,1,2,-1,0,0,,0,,4,4,4,4,,,,,,,,,,,,,,,,,,,,,,,,,,,,,,,-1,-1,0,2 5 6,1,7.1,0,,0,2,1,,0,1 2 3,1,1,1,0,0,0,0
1896,2,1,0,11811286,1,0.820840375,45,97,1,3,2,,,,,,,,,,,,,,,,,,,,,,,,,,,,,,1,2,1,4,98,0,-1,,1,,4,4,4,4,1 3 5,1,0,1,0,1,0,0,98,98,"Personable, work with love/compassion, respectful",0,0,0,0,1,Manual labor,97,,,97,1,Retail trade (food),7.11,98,,98,0,,0,98,98,0,1 3 5,1,97,1,7.11,0,98,1,,3,1,1,0,0,0,0,0,0
1647,2,1,0,11811020,1,0.854030726,28,2,1,3,3,,,,,,,,,,,,,,,,,,,,,,,,,,,,,,98,2,4,4,-1,1,-1,,0,,4,4,4,4,2 4 6,0,1,0,1,0,1,0,1,0,"Humility, attentive workers, calm",0,0,1,0.333333333,1,Carpentry,3,,,3,0,,,2,,2,0,,0,1,0,0.333333333,2 4 6,1,3,0,,0,2,1,,0,1 2 3 5,1,1,1,0,1,0,0
1844,2,1,0,11810587,1,0.059769454,40,1,1,2,3,-1,-1,"Compassionate, use time appropriately, decisive",0,0,1,0.333333333,2 4 6,0,1,0,1,0,1,0,1,Weaving,,,7,1,Weaving,7,4,,4,1,,1,98,98,98,4,-1,1,0,,1,,2,4,4,4,,,,,,,,,,,,,,,,,,,,,,,,,,,,,,,-1,-1,0.333333333,2 4 6,1,7,1,7,1,4,1,,3,3,0,0,1,0,0,0,0
1382,2,1,0,11811041,1,0.187159238,29,97,1,2,97,98,0,"Completes tasks appropriately, conscientious, obedient",1,1,0,0.666666667,2 4 5,0,1,0,1,1,0,0,1,Manual labor,,,97,0,,,2,,2,3,,3,2,3,2,4,0,1,-1,,0,,4,4,4,3,,,,,,,,,,,,,,,,,,,,,,,,,,,,,,,98,0,0.666666667,2 4 5,1,97,0,,3,2,1,,1,1 3,1,0,1,0,0,0,0
1865,1,0,0,11910333,1,0.224694463,40,8,1,3,3,-1,-1,Hard worker,1,,,1,2 4 6,0,1,0,1,0,1,0,1,Broker,,,19.1,0,,,1,,1,2,,2,4,4,2,4,-1,0,0,,1,,4,4,4,4,,,,,,,,,,,,,,,,,,,,,,,,,,,,,,,-1,-1,1,2 4 6,1,19.1,0,,2,1,1,,0,1 2 3,1,1,1,0,0,0,0
1201,2,1,0,11812886,1,0.753997575,31,97,1,2,2,,,,,,,,,,,,,,,,,,,,,,,,,,,,,,3,1,1,4,0,0,-1,,0,,4,3,4,4,2 5 6,0,1,0,0,1,1,0,0,0,"Obedient, trustworthy, completes tasks appropriately",0,0,1,0.333333333,0,,,Construction,6,6,1,Sanitary,14.11,,2,2,,0,0,0,0,0.333333333,2 5 6,0,6,1,14.11,0,2,0,,3,1 3,1,0,1,0,0,0,0
1741,2,1,0,11810591,1,0.969809507,58,1,1,2,97,,,,,,,,,,,,,,,,,,,,,,,,,,,,,,2,98,98,98,0,1,-1,,0,,4,4,4,4,1 4 6,1,0,0,1,0,1,0,0,0,98,,,,,1,Construction,6,,,6,1,Sanitary,14.11,4,,4,0,,0,0,0,,1 4 6,1,6,1,14.11,0,4,1,,0,1 3,1,0,1,0,0,0,0
1534,3,0,1,11910720,1,0.341168262,25,1,1,3,2,0,0,Strict administration,1,,,1,2 5 6,0,1,0,0,1,1,0,1,"Repair (water supply, plumber)",,,5,0,,,2,,2,2,,2,4,2,4,4,98,1,-1,,1,,2,4,1,4,,,,,,,,,,,,,,,,,,,,,,,,,,,,,,,0,0,1,2 5 6,1,5,0,,2,2,1,,2,1 3,1,0,1,0,0,0,0
1729,3,0,1,11910816,1,0.355371718,28,4,1,3,3,-1,98,Cooperation,0,,,0,3 4 6,0,0,1,1,0,1,0,0,,Day labor,97,97,0,,,,2,2,,0,0,4,4,4,4,0,0,-1,,1,,4,4,4,4,,,,,,,,,,,,,,,,,,,,,,,,,,,,,,,-1,98,0,3 4 6,0,97,0,,0,2,0,,3,3 6,0,0,1,0,0,1,0
1686,3,0,1,11910753,1,0.528011415,30,97,1,5,3,,,,,,,,,,,,,,,,,,,,,,,,,,,,,,1,2,4,4,98,0,-1,,0,,4,4,4,4,1 2 3,1,1,1,0,0,0,0,0,98,"Produce high quality work, respond to questions appropriately, serve others with patience, completes tasks appropriately",1,0,,0.5,0,,,Electricity,4,4,0,,,,2,2,,3,3,0,98,0.5,1 2 3,0,4,0,,3,2,1,,1,3 6,0,0,1,0,0,1,0
1323,3,0,1,11911076,1,0.584032745,32,8,1,3,3,,,,,,,,,,,,,,,,,,,,,,,,,,,,,,4,4,1,4,-1,1,-1,,0,,4,4,4,4,1 2 6,1,1,0,0,0,1,0,-1,-1,Are successful in their work,,,,,1,Construction,6,,,6,1,Sanitation,14.11,1,,1,0,,0,-1,-1,,1 2 6,1,6,1,14.11,0,1,0,,2,3 6,0,0,1,0,0,1,0
1157,3,0,1,11911595,1,0.487598457,27,97,1,3,3,98,-1,Personable,0,,,0,1 2 4,1,1,0,1,0,0,0,1,Transportation,,,8,0,,,3,,3,2,,2,3,4,4,4,0,1,-1,,1,,4,4,4,4,,,,,,,,,,,,,,,,,,,,,,,,,,,,,,,98,-1,0,1 2 4,1,8,0,,2,3,1,,1,2 3 4,0,1,1,1,0,0,0
1276,3,0,1,11910372,1,0.209674863,29,97,1,3,4,-1,-1,"Strict, uncompromising, don’t drag out work activities",1,1,1,1,2 4 6,0,1,0,1,0,1,0,1,Transportation (road),,,8,1,Food and restaurant activities,9,1,,1,3,,3,4,4,4,2,-1,1,-1,,1,,4,4,4,4,,,,,,,,,,,,,,,,,,,,,,,,,,,,,,,-1,-1,1,2 4 6,1,8,1,9,3,1,1,,3,1 3,1,0,1,0,0,0,0
1391,3,0,1,11911122,1,0.463234619,27,9,1,5,3,98,98,"Hardworking, respect their and others’ time",1,0,,0.5,1 2 5,1,1,0,0,1,0,0,1,Metal work (soldering),,,3,1,Manufacturing (textiles),3,1,,1,0,,0,1,1,4,4,98,0,0,,0,,4,4,4,4,,,,,,,,,,,,,,,,,,,,,,,,,,,,,,,98,98,0.5,1 2 5,1,3,1,3,0,1,0,,2,,0,0,0,0,0,0,0
1517,2,1,0,11810943,1,0.277777718,30,2,1,3,97,-1,0,98,,,,,3 5 6,0,0,1,0,1,1,0,1,Construction,,,6,0,,,2,,2,0,,0,4,2,4,1,0,1,-1,,1,,4,4,4,4,,,,,,,,,,,,,,,,,,,,,,,,,,,,,,,-1,0,,3 5 6,1,6,0,,0,2,0,,3,,0,0,0,0,0,0,0
1584,2,1,0,11812593,1,0.451011327,29,1,1,3,3,-1,-1,Serve customers well,0,,,0,1 2 5,1,1,0,0,1,0,0,1,Vehicle repair,,,7.1,0,,,1,,1,2,,2,2,2,4,2,-1,0,0,,0,,4,4,3,4,,,,,,,,,,,,,,,,,,,,,,,,,,,,,,,-1,-1,0,1 2 5,1,7.1,0,,2,1,1,,0,1 3 6,1,0,1,0,0,1,0
1423,2,1,0,11812811,1,0.186267129,43,9,1,3,2,-1,-1,Serve customers well,0,,,0,1 5 6,1,0,0,0,1,1,0,0,,Construction,6,6,0,,,,2,2,,3,3,2,2,2,2,0,0,-1,,0,,2,3,4,4,,,,,,,,,,,,,,,,,,,,,,,,,,,,,,,-1,-1,0,1 5 6,0,6,0,,3,2,1,,0,1 2 6,1,1,0,0,0,1,0
2091,2,1,0,11811950,1,0.294132277,32,6,1,2,3,-1,0,98,,,,,2 4 6,0,1,0,1,0,1,0,1,Transportation,,,8,1,Retail trade,7,3,,3,0,,0,4,4,4,4,0,1,-1,,1,,4,4,4,4,,,,,,,,,,,,,,,,,,,,,,,,,,,,,,,-1,0,,2 4 6,1,8,1,7,0,3,1,,1,3,0,0,1,0,0,0,0
2274,2,1,0,11812436,1,0.689872648,39,7,1,3,3,,,,,,,,,,,,,,,,,,,,,,,,,,,,,,2,1,2,4,0,0,-1,,1,,4,3,3,4,1 2 6,1,1,0,0,0,1,0,-1,-1,"Obedient, personable, trustworthy, quick to action",0,0,0,0,1,Clergy,19,,,19,0,,,1,,1,0,,0,-1,-1,0,1 2 6,1,19,0,,0,1,1,,2,3,0,0,1,0,0,0,0
2330,2,1,0,11810002,1,0.267882938,67,1,3,2,,0,-1,"Serves customers well, quick to action, serve elders first/well, personable",0,1,0,0.333333333,2 4 6,0,1,0,1,0,1,0,0,,Construction,6,6,,,,,2,2,,0,0,4,1,2,2,0,0,0,,1,,4,4,4,4,,,,,,,,,,,,,,,,,,,,,,,,,,,,,,,0,-1,0.333333333,2 4 6,0,6,,,0,2,1,1,,3,0,0,1,0,0,0,0
1990,2,1,0,11811395,1,0.01561681,42,4,1,3,97,-1,-1,"Positivity, kind character",0,0,,0,2 5 6,0,1,0,0,1,1,0,1,Guard,,,14.1,1,Retail trade (food),7.11,1,,1,0,,0,4,2,2,2,-1,1,0,,1,,3,4,4,4,,,,,,,,,,,,,,,,,,,,,,,,,,,,,,,-1,-1,0,2 5 6,1,14.1,1,7.11,0,1,1,,0,3,0,0,1,0,0,0,0
2134,2,1,0,11811499,1,0.092247959,33,7,1,3,2,98,98,"Empathetic, positivity",0,0,,0,4 5 6,0,0,0,1,1,1,0,1,Driver,,,8,0,,,3,,3,0,,0,98,98,3,98,0,1,0,,1,,4,4,4,4,,,,,,,,,,,,,,,,,,,,,,,,,,,,,,,98,98,0,4 5 6,1,8,0,,0,3,1,,0,6,0,0,0,0,0,1,0
2518,2,1,0,11810185,1,0.035773569,48,3,1,3,3,-1,98,"Trustworthy, humility, respects customers, punctual",0,0,0,0,1 4 6,1,0,0,1,0,1,0,1,Retail trade,,,7,1,Sanitary,14.11,98,,98,2,,2,4,4,3,4,98,0,0,,1,,4,4,4,4,,,,,,,,,,,,,,,,,,,,,,,,,,,,,,,-1,98,0,1 4 6,1,7,1,14.11,2,98,1,,3,1 2 3 6,1,1,1,0,0,1,0
951,1,0,0,12010201,1,0.300047951,45,9,1,6,4,-1,1,"Honesty, Hard worker and Disciplined",0,1,1,0.666666667,1 4 6,1,0,0,1,0,1,0,1,Banker,,,11,0,,,2,,2,0,,0,4,4,4,4,0,0,0,,1,,4,4,4,4,,,,,,,,,,,,,,,,,,,,,,,,,,,,,,,-1,1,0.666666667,1 4 6,1,11,0,,0,2,1,,1,2 3 6,0,1,1,0,0,1,0
1374,1,0,0,12010129,1,0.974617604,28,1,1,6,4,,,,,,,,,,,,,,,,,,,,,,,,,,,,,,2,4,4,4,98,0,-1,,98,,4,4,4,4,2 4 6,0,1,0,1,0,1,0,-1,1,Humble and Obedience,0,0,,0,1,Self employed,7,,,7,0,,,4,,4,0,,0,-1,1,0,2 4 6,1,7,0,,0,4,1,,0,3 6,0,0,1,0,0,1,0
5945,1,0,0,12010117,1,0.39224226,25,9,0,6,,-1,1,Respect co-worker,0,,,0,2 4 6,0,1,0,1,0,1,0,1,Government worker,,,15,,,,2,,2,0,,0,2,1,2,4,-1,0,-1,,1,,4,4,4,4,,,,,,,,,,,,,,,,,,,,,,,,,,,,,,,-1,1,0,2 4 6,1,15,,,0,2,1,1,,3 6,0,0,1,0,0,1,0
2228,2,1,0,11811007,1,0.393679843,36,2,1,2,3,0,1,Fulfill duties appropriately,1,,,1,3 4 6,0,0,1,1,0,1,0,0,,Construction,6,6,1,Domestic worker,20,,4,4,,3,3,4,4,4,4,0,1,-1,,1,,4,4,4,4,,,,,,,,,,,,,,,,,,,,,,,,,,,,,,,0,1,1,3 4 6,0,6,1,20,3,4,1,,3,3 6,0,0,1,0,0,1,0
1788,2,1,0,11810838,1,0.441717361,22,8,1,2,3,-1,-1,Apologize for their mistakes,0,,,0,3 4 5,0,0,1,1,1,0,0,1,Guard,,,14.1,1,Retail trade (alcoholic beverages),9,2,,2,1,,1,2,1,4,4,1,0,-1,,1,,4,3,4,3,,,,,,,,,,,,,,,,,,,,,,,,,,,,,,,-1,-1,0,3 4 5,1,14.1,1,9,1,2,1,,3,1 6,1,0,0,0,0,1,0
1123,2,1,0,11410508,1,0.340962739,37,97,1,2,3,98,0,98,,,,,1 2 3,1,1,1,0,0,0,0,1,Construction,,,6,0,,,2,,2,0,,0,3,4,2,2,0,1,-1,,0,,4,4,4,4,,,,,,,,,,,,,,,,,,,,,,,,,,,,,,,98,0,,1 2 3,1,6,0,,0,2,1,,0,1 2 3,1,1,1,0,0,0,0
1097,3,0,1,11911466,1,0.384550493,47,97,1,3,3,-1,-1,"Committed, reliable, execute directions/instructions, obey their bosses",1,0,0,0.333333333,2 3 4,0,1,1,1,0,0,0,1,Driver,,,8,1,Sanitation,14.11,3,,3,0,,0,4,4,4,4,0,0,-1,,1,,4,4,4,4,,,,,,,,,,,,,,,,,,,,,,,,,,,,,,,-1,-1,0.333333333,2 3 4,1,8,1,14.11,0,3,1,,2,1 2 3 6,1,1,1,0,0,1,0
1172,3,0,1,11810551,1,0.650132831,33,97,1,3,2,,,,,,,,,,,,,,,,,,,,,,,,,,,,,,4,4,4,4,0,1,-1,,1,,2,2,4,4,1 3 6,1,0,1,0,0,1,0,-1,-1,Amenable,0,,,0,1,Manual Labor,97,,,97,0,,,3,,3,0,,0,-1,-1,0,1 3 6,1,97,0,,0,3,1,,2,3,0,0,1,0,0,0,0
890,3,0,1,11910558,1,0.608352318,23,97,1,3,3,,,,,,,,,,,,,,,,,,,,,,,,,,,,,,1,4,4,4,-1,1,-1,,0,,4,4,4,4,2 4 5,0,1,0,1,1,0,0,0,0,,,,,,0,,,Day labor,97,97,1,Sanitation,14.11,,1,1,,0,0,0,0,,2 4 5,0,97,1,14.11,0,1,0,,2,3 6,0,0,1,0,0,1,0
2190,2,1,0,11812057,1,0.590391541,34,9,0,3,,,,,,,,,,,,,,,,,,,,,,,,,,,,,,,3,3,2,4,0,0,0,,0,,3,3,4,4,1 2 3,1,1,1,0,0,0,0,-1,-1,"Conscientious, don’t make decisions based on emotion, ask and learn about anything they don’t understand, don’t give decisions without the requisite knowledge",1,1,0,0.666666667,0,,,Construction,6,6,,,,,2,2,,0,0,-1,-1,0.666666667,1 2 3,0,6,,,0,2,0,1,,1 3,1,0,1,0,0,0,0
2033,2,1,0,11811351,1,0.042587497,35,4,1,3,4,-1,0,"Encourage other employees, facilitate deep relationships and conversations between employees",0,0,,0,2 4 6,0,1,0,1,0,1,0,1,Construction,,,6,1,Manufacturing (books),3,2,,2,3,,3,2,1,4,4,-1,0,-1,,1,,4,4,4,4,,,,,,,,,,,,,,,,,,,,,,,,,,,,,,,-1,0,0,2 4 6,1,6,1,3,3,2,1,,3,3,0,0,1,0,0,0,0
985,3,0,1,11910030,1,0.995878393,32,97,1,3,3,,,,,,,,,,,,,,,,,,,,,,,,,,,,,,4,1,4,4,-1,0,0,,0,,4,4,4,4,2 4 6,0,1,0,1,0,1,0,-1,1,"Humility, completes their work properly, obedient, reliable",0,1,0,0.333333333,1,Retail trade,7,,,7,0,,,2,,2,0,,0,-1,1,0.333333333,2 4 6,1,7,0,,0,2,1,,1,3,0,0,1,0,0,0,0
1045,3,0,1,11910853,1,0.616775831,38,97,0,3,,,,,,,,,,,,,,,,,,,,,,,,,,,,,,,4,4,4,4,0,1,-1,,0,,4,4,4,4,1 4 6,1,0,0,1,0,1,0,0,0,"Kindness, amenable",0,0,,0,1,Construction,6,,,6,,,,2,,2,0,,0,0,0,0,1 4 6,1,6,,,0,2,1,1,,3,0,0,1,0,0,0,0
5586,1,0,0,12110036,1,0.359221494,59,1,1,2,2,0,0,,,,,,1 4 6,1,0,0,1,0,1,0,0,,Day labor,97,97,0,,,,1,1,,0,0,3,4,98,4,0,0,0,,0,,4,4,4,4,,,,,,,,,,,,,,,,,,,,,,,,,,,,,,,0,0,,1 4 6,0,97,0,,0,1,1,,0,,0,0,0,0,0,0,0
1326,3,0,1,12010169,1,0.933349648,48,4,1,6,6,,,,,,,,,,,,,,,,,,,,,,,,,,,,,,2,4,4,4,0,0,-1,,0,,4,4,4,4,1 2 6,1,1,0,0,0,1,0,0,1,"Hardworking, disciplined, honor schedules",1,1,0,0.666666667,1,Construction,6,,,6,1,Finance office,11,2,,2,0,,0,0,1,0.666666667,1 2 6,1,6,1,11,0,2,1,,1,1 2 3 4 5 6,1,1,1,1,1,1,0
1236,3,0,1,12010004,1,0.652283944,50,97,1,5,4,,,,,,,,,,,,,,,,,,,,,,,,,,,,,,2,2,2,4,-1,0,-1,,1,,4,4,4,4,1 3 4,1,0,1,1,0,0,0,-1,-1,"Compassion, don’t engage in crime, honest, fulfills duties properly",0,0,1,0.333333333,1,Logistics (Delivery and Driver),8,,,8,0,,,3,,3,3,,3,-1,-1,0.333333333,1 3 4,1,8,0,,3,3,1,,3,6,0,0,0,0,0,1,0
2211,3,0,1,12110210,1,0.95336424,45,9,1,2,2,,,,,,,,,,,,,,,,,,,,,,,,,,,,,,4,4,4,4,-1,1,0,,1,,4,4,4,4,2 4 5,0,1,0,1,1,0,0,-1,-1,"Maintains an orderly work environment, good customer service",,0,,0,0,,,Construction (Paint) and Guard,6,6,0,,,,2,2,,3,3,-1,-1,0,2 4 5,0,6,0,,3,2,1,,3,1 3,1,0,1,0,0,0,0
1779,3,0,1,12010085,1,0.983794609,37,97,2,6,6,,,,,,,,,,,,,,,,,,,,,,,,,,,,,,2,4,4,4,-1,1,-1,,1,,4,4,4,4,2 4 6,0,1,0,1,0,1,0,0,0,"Maternal and sisterly traits, completes their work properly, honor schedules, strong-willed (free of addition), agreeable",0,1,,0.5,1,Teacher,16,,,16,1,Health,17,2,,2,0,,0,0,0,0.5,2 4 6,1,16,1,17,0,2,1,3,3,1 3 5,1,0,1,0,1,0,0
1232,2,1,0,11510624,1,0.386399947,28,3,0,3,,-1,-1,98,,,,,1 2 6,1,1,0,0,0,1,0,1,Manual labor,,,97,,,,2,,2,0,,0,2,2,2,2,0,1,0,,0,,2,3,3,2,,,,,,,,,,,,,,,,,,,,,,,,,,,,,,,-1,-1,,1 2 6,1,97,,,0,2,0,2,1,1 3 6,1,0,1,0,0,1,0
1141,2,1,0,11510578,1,0.201295711,35,97,2,6,3,98,98,,,,,,1 2 6,1,1,0,0,0,1,0,1,Manual labor,,,97,0,,,1,,1,2,,2,98,2,4,4,0,0,-1,,0,,4,4,4,4,,,,,,,,,,,,,,,,,,,,,,,,,,,,,,,98,98,,1 2 6,1,97,0,,2,1,1,4,2,1 2 3,1,1,1,0,0,0,0
1141,2,1,0,11510739,1,0.721802796,26,8,1,3,4,,,,,,,,,,,,,,,,,,,,,,,,,,,,,,3,3,4,3,-1,-1,0,,0,,1,3,4,4,1 2 5,1,1,0,0,1,0,0,0,0,98,,,,,1,Industry (garment),3,,,3,1,Government administration,15,4,,4,3,,3,0,0,,1 2 5,1,3,1,15,3,4,0,,1,1,1,0,0,0,0,0,0
2332,2,1,0,11810291,1,0.830797243,54,6,1,2,97,,,,,,,,,,,,,,,,,,,,,,,,,,,,,,98,4,1,4,98,0,98,,0,,4,4,4,4,2 5 6,0,1,0,0,1,1,0,98,98,98,,,,,0,,,Farmer,1,1,0,,,,2,2,,2,2,98,98,,2 5 6,0,1,0,,2,2,1,,1,2 3 4 6,0,1,1,1,0,1,0
2769,2,1,0,11410051,1,0.018677774,48,3,1,3,2,0,98,"Aren’t procrastinators, decisive, trustworthy",1,0,,0.5,2 4 6,0,1,0,1,0,1,0,1,Driver,,,8,0,,,2,,2,0,,0,3,3,4,3,-1,0,-1,,0,,4,4,4,4,,,,,,,,,,,,,,,,,,,,,,,,,,,,,,,0,98,0.5,2 4 6,1,8,0,,0,2,1,,3,2 3 5 6,0,1,1,0,1,1,0
2173,2,1,0,11410268,1,0.588942308,34,97,1,5,5,,,,,,,,,,,,,,,,,,,,,,,,,,,,,,4,4,2,2,-1,1,-1,,1,,4,4,4,4,1 3 5,1,0,1,0,1,0,0,-1,0,"Completes tasks appropriately, use time appropriately, Serve customers well",1,0,0,0.333333333,1,Industry (garment),3,,,3,1,Accountant and sanitary,14.11,1,,1,2,,2,-1,0,0.333333333,1 3 5,1,3,1,14.11,2,1,0,,1,2 3 4 5 6,0,1,1,1,1,1,0
1971,2,1,0,11510730,1,0.772631201,45,9,1,4,3,,,,,,,,,,,,,,,,,,,,,,,,,,,,,,1,4,2,4,-1,1,-1,,1,,4,4,4,4,1 2 6,1,1,0,0,0,1,0,-1,-1,"Conscientious, facilitate deep relationships between employees, attentive workers",1,0,,0.5,1,Guard,14.1,,,14.1,0,,,2,,2,0,,0,-1,-1,0.5,1 2 6,1,14.1,0,,0,2,1,,3,3 6,0,0,1,0,0,1,0
2524,2,1,0,11410524,1,0.512791714,41,8,1,3,3,,,,,,,,,,,,,,,,,,,,,,,,,,,,,,3,3,4,4,-1,0,-1,,1,,4,4,4,4,2 5 6,0,1,0,0,1,1,0,0,-1,Take care of loyal customers,0,,,0,1,Construction,6,,,6,0,,,2,,2,0,,0,0,-1,0,2 5 6,1,6,0,,0,2,0,,0,1 2 3 4,1,1,1,1,0,0,0
3145,2,1,0,11410285,1,0.762267137,38,3,1,3,3,,,,,,,,,,,,,,,,,,,,,,,,,,,,,,2,2,2,4,0,1,-1,,1,,4,4,4,4,2 3 6,0,1,1,0,0,1,0,0,0,"Compassionate for others, kind, trustful",0,0,0,0,1,"Clergy, manual labor",97,,,97,0,,,2,,2,0,,0,0,0,0,2 3 6,1,97,0,,0,2,0,,3,1 3,1,0,1,0,0,0,0
1614,2,1,0,11812018,1,0.09659328,38,8,1,3,3,-1,-1,"Conscientious, completes tasks appropriately, punctual",1,1,0,0.666666667,1 2 6,1,1,0,0,0,1,0,1,Driver,,,8,0,,,2,,2,2,,2,3,3,4,4,0,0,0,,0,,4,4,4,4,,,,,,,,,,,,,,,,,,,,,,,,,,,,,,,-1,-1,0.666666667,1 2 6,1,8,0,,2,2,1,,1,1 3 4 6,1,0,1,1,0,1,0
1717,2,1,0,11410170,1,0.844943785,45,2,1,97,2,,,,,,,,,,,,,,,,,,,,,,,,,,,,,,2,3,2,4,98,0,-1,Requires physical strength,1,Men lack patience,4,2,3,4,2 4 6,0,1,0,1,0,1,0,0,-1,98,,,,,1,Farmer,1,,,1,0,,,2,,2,2,,2,0,-1,,2 4 6,1,1,0,,2,2,0,,1,1 2 3 4 6,1,1,1,1,0,1,0
1698,2,1,0,11510456,1,0.732307681,62,8,1,3,97,,,,,,,,,,,,,,,,,,,,,,,,,,,,,,3,4,3,3,0,0,-1,Hard work; could be asked to carry slabs two floors up; women should do easier work,1,Not taxing work because it’s mostly about checks and balances; can sit and count the money received,4,4,4,4,2 4 6,0,1,0,1,0,1,0,0,-1,"Humility, serve customers well",0,0,,0,1,Driver,8,,,8,0,,,1,,1,0,,0,0,-1,0,2 4 6,1,8,0,,0,1,0,,1,1 3,1,0,1,0,0,0,0
1990,2,1,0,11510136,1,0.419467583,42,5,1,5,5,-1,-1,"Trustworthy, completes tasks appropriately, punctual, committed",0,1,,0.5,1 2 3,1,1,1,0,0,0,0,1,Construction,,,6,0,,,2,,2,0,,0,2,2,2,2,-1,1,0,,1,Young men often do the running around; but women are capable of working from one spot,4,4,4,4,,,,,,,,,,,,,,,,,,,,,,,,,,,,,,,-1,-1,0.5,1 2 3,1,6,0,,0,2,1,,2,2 3 6,0,1,1,0,0,1,0
3869,2,1,0,11811960,1,0.238741634,28,8,2,5,2,-1,-1,"Respect others, serve customers well, quick to action",0,0,1,0.333333333,1 3 6,1,0,1,0,0,1,0,1,Government administration,,,15,0,,,2,,2,0,,0,2,3,2,4,0,1,-1,Requires physical strength which men have a little more of; more efficient to work with them; women may get injured,1,Men by nature lose interest quickly; women are stronger in this sense,4,4,4,4,,,,,,,,,,,,,,,,,,,,,,,,,,,,,,,-1,-1,0.333333333,1 3 6,1,15,0,,0,2,1,3,1,3,0,0,1,0,0,0,0
2561,2,1,0,11410053,1,0.153342713,23,98,1,5,98,-1,-1,"Obedient, respect others, fulfill duties appropriately",0,0,1,0.333333333,2 3 6,0,1,1,0,0,1,0,1,Manufacturing,,,3,0,,,3,,3,0,,0,4,1,4,4,1,0,-1,"Men can handle the dynamic nature of the work; unlike women, they can run around for the work",0,,4,4,4,4,,,,,,,,,,,,,,,,,,,,,,,,,,,,,,,-1,-1,0.333333333,2 3 6,1,3,0,,0,3,1,,1,6,0,0,0,0,0,1,0
1913,3,0,1,11911512,1,0.835552594,35,8,0,3,,,,,,,,,,,,,,,,,,,,,,,,,,,,,,,4,4,4,4,-1,0,-1,It’s hard (heavy),1,They are good at running small businesses,4,,,,,0,0,0,0,0,0,0,,,Humility,0,,,0,,,,,,,,,,,,,,,,,,0,,,,,,,,,,,,0,0,0,0,0,0,0
1027,3,0,1,12210439,1,0.547919528,27,97,1,2,3,,,,,,,,,,,,,,,,,,,,,,,,,,,,,,4,4,4,4,0,0,0,,1,They can work on small things,4,4,4,4,2 4 6,0,1,0,1,0,1,0,0,-1,"Good customer service, compassion",0,0,,0,1,Construction,6,,,6,0,,,3,,3,0,,0,0,-1,0,2 4 6,1,6,0,,0,3,1,,2,2 3,0,1,1,0,0,0,0
915,3,0,1,12210769,1,0.211303398,48,9,1,3,97,0,0,Good customer service (respectful),0,,,0,2 3 4,0,1,1,1,0,0,0,0,,Good customer service (respectful),,,0,,,,2,2,,3,3,1,4,4,4,0,0,-1,Is strenuous,1,Women can relate to others which makes good sales,4,4,4,4,,,,,,,,,,,,,,,,,,,,,,,,,,,,,,,0,0,0,2 3 4,0,,0,,3,2,1,,1,1,1,0,0,0,0,0,0
1451,3,0,1,12210795,1,0.123539646,35,2,1,2,97,0,0,"Reliable, fulfill duties appropriately",0,1,,0.5,2 3 6,0,1,1,0,0,1,0,1,weaving,,,7,0,,,1,,1,2,,2,1,2,4,4,98,0,-1,Men have physical strength,1,They are the ones who do it often so they have the know-how,4,4,2,4,,,,,,,,,,,,,,,,,,,,,,,,,,,,,,,0,0,0.5,2 3 6,1,7,0,,2,1,0,,2,1,1,0,0,0,0,0,0
1351,3,0,1,12310020,1,0.191579946,32,97,1,3,3,0,0,"Punctual, committed, hardworking, interest in working",0,1,1,0.666666667,1 2 4,1,1,0,1,0,0,0,1,Electeician,,,4,0,,,5,,5,2,,2,4,3,4,4,0,0,-1,Requires physical strength,0,,4,4,4,4,,,,,,,,,,,,,,,,,,,,,,,,,,,,,,,0,0,0.666666667,1 2 4,1,4,0,,2,5,1,,2,,0,0,0,0,0,0,0
930,3,0,1,12310296,1,0.213703154,28,7,2,3,6,-1,0,Hard working,1,,,1,2 3 5,0,1,1,0,1,0,0,1,construction,,,6,1,Manufacturing,3,2,,2,0,,0,4,4,4,4,0,0,0,,0,,4,4,4,4,,,,,,,,,,,,,,,,,,,,,,,,,,,,,,,-1,0,1,2 3 5,1,6,1,3,0,2,1,3,1,,0,0,0,0,0,0,0
1172,3,0,1,11310066,1,0.287008241,53,2,1,3,97,-1,0,"Personable/welcoming, try to help others, active listeners",0,0,0,0,2 4 5,0,1,0,1,1,0,0,0,,Agriculture,1,1,0,,,,2,2,,2,2,4,2,4,4,0,1,0,,0,,4,4,4,4,,,,,,,,,,,,,,,,,,,,,,,,,,,,,,,-1,0,0,2 4 5,0,1,0,,2,2,0,,1,1 2 3 4 6,1,1,1,1,0,1,0
1036,3,0,1,11410270,1,0.327678092,46,3,1,2,3,98,,,,,,,2 3 6,0,1,1,0,0,1,0,1,Clergy,,,19,0,,,1,,1,0,,0,4,98,98,4,-1,1,0,,98,,4,4,4,4,,,,,,,,,,,,,,,,,,,,,,,,,,,,,,,98,,,2 3 6,1,19,0,,0,1,0,,2,1 2 3,1,1,1,0,0,0,0
1130,3,0,1,12010199,1,0.400686849,76,97,1,3,2,98,-1,"Good facilitators, help the troubled, active participants",0,0,,0,6,0,0,0,0,0,1,0,1,Retail trade (clothes),,,7.21,1,Food and restaurant activities,9,4,,4,2,,2,4,4,2,4,0,0,0,,0,,4,2,4,2,,,,,,,,,,,,,,,,,,,,,,,,,,,,,,,98,-1,0,,1,7.21,1,9,2,4,0,,3,1 3,1,0,1,0,0,0,0
1408,3,0,1,12210121,1,0.537547595,32,4,1,3,3,,,,,,,,,,,,,,,,,,,,,,,,,,,,,,4,4,4,4,0,0,-1,Men are stronger,1,Women conventionally do that work,4,4,4,4,1 2 4,1,1,0,1,0,0,0,-1,-1,"Good management, perform quality work, talented",0,1,,0.5,1,Construction,6,,,6,0,,,2,,2,2,,2,-1,-1,0.5,1 2 4,1,6,0,,2,2,1,,1,1 3,1,0,1,0,0,0,0
2362,3,0,1,12210018,1,0.131921565,45,3,3,2,,0,-1,"Provide good customer service, reliable",0,0,,0,2 5 6,0,1,0,0,1,1,0,0,,Construction,6,6,,,,,2,2,,0,0,2,4,1,4,0,-1,-1,"If women were to do it, they would get hurt",1,The work looks better (is more fitting) with women doing it; they are skilled; meanwhile men can do the running around,4,4,4,4,,,,,,,,,,,,,,,,,,,,,,,,,,,,,,,0,-1,0,2 5 6,0,6,,,0,2,1,2,0,3,0,0,1,0,0,0,0
1928,3,0,1,11911262,1,0.402586984,42,2,1,5,5,-1,1,"They are humble, go the extra mile at work, are compassionate",0,1,0,0.333333333,1 4 6,1,0,0,1,0,1,0,1,Driver,,,8,0,,,2,,2,0,,0,2,2,2,4,0,0,-1,Requires physical strength; women’s child-bearing and -rearing duties make the work especially difficult,1,Can work with patience and an accommodating nature,4,4,4,4,,,,,,,,,,,,,,,,,,,,,,,,,,,,,,,-1,1,0.333333333,1 4 6,1,8,0,,0,2,1,,1,1 2 3,1,1,1,0,0,0,0
675,3,0,1,12210249,1,0.75466429,28,5,1,3,5,,,,,,,,,,,,,,,,,,,,,,,,,,,,,,2,4,1,4,-1,1,-1,,1,,4,4,4,4,4 6,0,0,0,1,0,1,0,,,,,,,,,,,,,,,,,,,,,,,,,,,,,,,,,,,,,0,0,0,0,0,0,0
1030,3,0,1,11911633,1,0.008387529,50,9,1,3,4,98,98,,,,,,2 3 4,0,1,1,1,0,0,0,1,,,,,0,,,1,,1,2,,2,4,4,,,,,,,,,,,,,,,,,,,,,,,,,,,,,,,,,,,,,,,,,,,98,98,,2 3 4,1,,0,,2,1,,,,,0,0,0,0,0,0,0
1144,3,0,1,12210260,1,0.563585347,26,97,1,97,3,,,,,,,,,,,,,,,,,,,,,,,,,,,,,,4,4,4,4,0,0,-1,,1,,,,,,,0,0,0,0,0,0,0,,,,,,,,,,,,,,,,,,,,,,,,,,,,,,,,,,,,,0,0,0,0,0,0,0
